,,First Expression,First Expression,First Expression,First Expression,First Expression,First Expression,First Expression,First Expression,First Expression,First Expression,First Expression,First Expression,First Expression,First Expression,Final Expression,Final Expression,Final Expression,Final Expression,Final Expression,Final Expression,Final Expression,Final Expression,Final Expression,Final Expression,Final Expression,Final Expression,Final Expression,Final Expression,SDE,SDE,SDE,SDE,SDE,SDE,SDE,SDE,SDE,SDE,SDE,SDE,SDE,SDE,Duplicate,Duplicate,Duplicate,Duplicate,Duplicate,Duplicate,Duplicate
,,Bennet,Biden,Bloomberg,Buttigieg,Delaney,Gabbard,Klobuchar,Patrick,Sanders,Steyer,Warren,Yang,Other,Uncommitted,Bennet,Biden,Bloomberg,Buttigieg,Delaney,Gabbard,Klobuchar,Patrick,Sanders,Steyer,Warren,Yang,Other,Uncommitted,Bennet,Biden,Bloomberg,Buttigieg,Delaney,Gabbard,Klobuchar,Patrick,Sanders,Steyer,Warren,Yang,Other,Uncommitted,First,Final,First & Final,SDE,Final & SDE,Full,Any
County,Precinct,,,,,,,,,,,,,,,,,,,,,,,,,,,,,,,,,,,,,,,,,,,,,,,,,
Benton,Belle Plaine 3,0,7,0,6,0,0,0,0,7,1,1,1,0,0,0,9,0,7,0,0,0,0,7.0,0,0.0,0,0,0,0,0.15,0.0,0.15,0,0.0,0.0,0,0.15,0.0,0.0,0.0,0.0,0.0,False,True,False,False,False,False,True
Black Hawk,Bennington,0,0,0,5,0,0,1,0,3,4,0,1,2,0,0,0,0,5,0,0,1,0,3.0,4,0.0,1,2,0,0,0.0,0.0,0.202,0,0.0,0.0,0,0.0,0.0,0.0,0.0,0.0,0.0,False,False,False,True,False,False,True
Black Hawk,Big Creek La Porte,1,19,0,20,0,0,11,0,16,12,12,9,0,0,0,19,0,20,0,0,11,0,16.0,12,12.0,9,0,0,0,0.404,0.0,0.606,0,0.0,0.0,0,0.404,0.0,0.0,0.0,0.0,0.0,False,False,False,True,False,False,True
Black Hawk,Poyner P2 Fox Gilbert Jesup,0,13,0,18,0,0,0,0,12,1,7,7,0,0,0,14,0,21,0,0,0,0,19.0,0,0.0,0,0,0,0,0.404,0.0,0.606,0,0.0,0.0,0,0.404,0.0,0.0,0.0,0.0,0.0,False,False,False,True,False,False,True
Black Hawk,Spring Creek,0,0,0,5,0,0,0,0,1,0,1,0,0,0,0,0,0,5,0,0,0,0,1.0,0,1.0,0,0,0,0,0.0,0.0,0.202,0,0.0,0.0,0,0.0,0.0,0.0,0.0,0.0,0.0,False,False,False,True,False,False,True
Black Hawk,WL 2-5,0,22,0,24,0,0,12,0,29,3,15,5,0,0,0,25,0,32,0,0,0,0,34.0,0,19.0,0,0,0,0,0.404,0.0,0.606,0,0.0,0.0,0,0.606,0.0,0.202,0.0,0.0,0.0,False,False,False,True,False,False,True
Black Hawk,WL 5-4,0,20,0,27,0,0,16,1,29,4,18,4,0,0,0,24,0,36,0,0,0,0,36.0,0,19.0,0,0,0,0,0.404,0.0,0.606,0,0.0,0.0,0,0.606,0.0,0.202,0.0,0.0,0.0,False,False,False,True,False,False,True
Boone,Boone 3rd Ward,0,16,0,44,0,0,20,0,38,0,24,19,0,4,0,0,2,54,0,0,25,0,44.0,0,29.0,11,0,0,0,0.0,0.0,0.57,0,0.0,0.38,0,0.57,0.0,0.38,0.0,0.0,0.0,False,False,False,True,False,False,True
Boone,Boone 5th Ward,0,1,0,22,0,0,10,0,22,1,13,3,0,0,0,0,0,23,0,0,11,0,24.0,0,14.0,0,0,0,0,0.0,0.0,0.57,0,0.0,0.38,0,0.57,0.0,0.38,0.0,0.0,0.0,False,False,False,True,False,False,True
Bremer,CITY OF READLYN- MAXFIELD &amp; FRANKLIN TWP,0,7,0,11,0,0,7,0,6,0,6,0,0,0,0,7,0,11,0,0,7,0,6.0,0,6.0,0,0,0,0,0.2267,0.0,0.2267,0,0.0,0.2267,0,0.0,0.0,0.2267,0.0,0.0,0.0,False,False,False,True,False,False,True
Bremer,LAFAYETTE TWP/WARREN TWPS,0,7,0,15,0,0,8,0,0,0,6,0,0,0,0,7,0,15,0,0,8,0,0.0,0,6.0,0,0,0,0,0.2267,0.0,0.2267,0,0.0,0.2267,0,0.0,0.0,0.2267,0.0,0.0,0.0,False,False,False,True,False,False,True
Buena Vista,NEWELL NEWELL PROVIDENCE,0,4,0,4,0,0,5,0,9,0,2,7,0,1,0,0,0,10,0,0,0,0,12.0,0,0.0,0,0,0,0,0.0,0.0,0.2,0,0.0,0.0,0,0.2,0.0,0.0,0.0,0.0,0.0,False,False,False,True,False,False,True
Butler,7-PB,0,13,0,9,0,0,9,0,14,0,10,3,0,3,0,13,0,10,0,0,10,0,15.0,0,11.0,2,0,0,0,0.2333,0.0,0.2333,0,0.0,0.2333,0,0.2333,0.0,0.2333,0.0,0.0,0.0,False,False,False,True,False,False,True
CD1 Satellite,"Marshalltown, IA - UAW Local 893",0,0,0,0,0,0,0,0,0,0,0,0,0,0,0,0,0,0,0,0,0,0,0.0,0,0.0,0,0,0,0,0.0,0.0,0.0,0,0.0,0.0,0,0.0,0.0,0.0,0.0,0.0,0.0,True,True,True,True,True,True,True
CD2 Satellite,"Centerville, IA - Centerville Speciality Care",0,0,0,0,0,0,0,0,0,0,0,0,0,0,0,0,0,0,0,0,0,0,0.0,0,0.0,0,0,0,0,0.0,0.0,0.0,0,0.0,0.0,0,0.0,0.0,0.0,0.0,0.0,0.0,True,True,True,True,True,True,True
CD2 Satellite,"Ottumwa, IA - UAW Local 74",0,0,0,0,0,0,0,0,14,0,1,0,0,0,0,0,0,0,0,0,0,0,14.0,0,0.0,0,0,0,0,0.0,0.0,0.0,0,0.0,0.0,0,0.175,0.0,0.0,0.0,0.0,0.0,True,False,False,True,False,False,True
CD2 Satellite,"Ottumwa, IA - UFCW Local 230",0,0,0,0,0,0,0,0,14,0,1,0,0,0,0,0,0,0,0,0,0,0,14.0,0,0.0,0,0,1,0,0.0,0.0,0.0,0,0.0,0.0,0,0.175,0.0,0.0,0.0,0.0,0.0,True,False,False,True,False,False,True
CD2 Satellite,"West Burlington, IA - Southeastern Community College",0,0,0,0,0,0,0,0,3,0,0,0,0,0,0,0,0,0,0,0,0,0,3.0,0,0.0,0,0,0,0,0.0,0.0,0.0,0,0.0,0.0,0,0.035,0.0,0.0,0.0,0.0,0.0,True,True,True,False,False,False,True
CD4 Satellite,"Manson, IA - Good Samaritan Society - Manson",0,0,0,0,0,0,0,0,0,0,0,0,0,0,0,0,0,0,0,0,0,0,0.0,0,0.0,0,0,0,0,0.0,0.0,0.0,0,0.0,0.0,0,0.0,0.0,0.0,0.0,0.0,0.0,True,True,True,True,True,True,True
CD4 Satellite,"Storm Lake, IA - Methodist Manor",0,0,0,0,0,0,0,0,0,0,0,0,0,0,0,0,0,0,0,0,0,0,0.0,0,0.0,0,0,0,0,0.0,0.0,0.0,0,0.0,0.0,0,0.0,0.0,0.0,0.0,0.0,0.0,True,True,True,True,True,True,True
Calhoun,Greenfield &amp; Lincoln 2,0,2,0,5,0,0,0,0,0,0,2,0,0,0,0,0,0,9,0,0,0,0,0.0,0,0.0,0,0,0,0,0.0,0.0,0.1667,0,0.0,0.0,0,0.0,0.0,0.0,0.0,0.0,0.0,False,False,False,True,False,False,True
Calhoun,Lincoln 1,0,8,0,12,0,0,8,0,6,1,4,1,0,0,0,9,0,13,0,0,9,0,8.0,0,0.0,0,0,0,0,0.1667,0.0,0.3333,0,0.0,0.1667,0,0.1667,0.0,0.0,0.0,0.0,0.0,False,False,False,True,False,False,True
Calhoun,Union,0,0,0,6,0,0,3,0,3,0,2,0,0,0,0,0,0,12,0,0,0,0,0.0,0,0.0,0,0,2,0,0.0,0.0,0.1667,0,0.0,0.0,0,0.0,0.0,0.0,0.0,0.0,0.0,False,False,False,True,False,False,True
Cass,Brighton- Grove- Pymosa- Washington Twp/Marne,0,8,1,6,0,0,2,0,0,0,6,2,0,0,0,9,0,6,0,0,4,0,0.0,0,6.0,0,0,0,0,0.12,0.0,0.12,0,0.0,0.12,0,0.0,0.0,0.12,0.0,0.0,0.0,False,False,False,True,False,False,True
Cass,Enda- Victoria Twp,0,0,0,3,0,0,0,0,1,0,1,0,0,0,0,0,0,3,0,0,0,0,1.0,0,1.0,0,0,0,0,0.0,0.0,0.12,0,0.0,0.0,0,0.0,0.0,0.0,0.0,0.0,0.0,False,False,False,True,False,False,True
Cass,Union Twp/Cumberland,0,0,0,2,0,0,0,0,2,0,1,0,0,0,0,0,0,2,0,0,0,0,2.0,0,1.0,0,0,0,0,0.0,0.0,0.0,0,0.0,0.0,0,0.12,0.0,0.0,0.0,0.0,0.0,True,True,True,True,False,False,True
Cedar,FREMONT/RED OAK,0,10,0,2,0,0,1,0,7,3,3,0,0,0,0,12,0,0,0,0,0,0,8.0,0,6.0,0,0,0,0,0.1714,0.0,0.0,0,0.0,0.0,0,0.1714,0.0,0.1714,0.0,0.0,0.0,False,False,False,True,False,False,True
Cedar,GOWER/SPRINGDALE,0,22,2,26,0,0,13,0,23,0,21,3,0,2,0,23,0,27,0,0,17,0,23.0,0,22.0,0,0,0,0,0.3429,0.0,0.3429,0,0.0,0.1714,0,0.1714,0.0,0.1714,0.0,0.0,0.0,False,False,False,True,False,False,True
Cedar,LINN/PIONEER,1,21,0,16,0,1,14,0,13,3,15,0,0,0,0,21,0,16,0,0,14,0,13.0,0,15.0,0,0,0,0,0.3429,0.0,0.3429,0,0.0,0.1714,0,0.1714,0.0,0.1714,0.0,0.0,0.0,False,False,False,True,False,False,True
Cedar,MASSILLON/SPRINGFIELD,0,9,0,9,0,0,0,0,13,0,13,0,0,2,0,10,0,9,0,0,0,0,13.0,0,13.0,0,0,0,0,0.1714,0.0,0.1714,0,0.0,0.0,0,0.1714,0.0,0.1714,0.0,0.0,0.0,False,False,False,True,False,False,True
Cedar,TIPTON 1,0,6,0,7,0,0,6,0,9,2,4,0,0,0,0,6,0,9,0,0,7,0,13.0,0,0.0,0,0,0,0,0.1714,0.0,0.1714,0,0.0,0.1714,0,0.1714,0.0,0.0,0.0,0.0,0.0,False,False,False,True,False,False,True
Cedar,TIPTON 2,0,10,0,19,0,0,5,0,14,0,12,2,0,0,0,10,0,23,0,0,0,0,14.0,0,12.0,0,0,0,0,0.1714,0.0,0.1714,0,0.0,0.0,0,0.1714,0.0,0.1714,0.0,0.0,0.0,False,False,False,True,False,False,True
Cerro Gordo,Lake / Lincoln Twps Pct,0,3,0,8,0,0,0,0,4,1,6,0,0,0,0,1,0,9,0,0,0,0,1.0,1,10.0,0,0,0,0,0.0,0.0,0.1771,0,0.0,0.0,0,0.0,0.0,0.1771,0.0,0.0,0.0,False,False,False,True,False,False,True
Cerro Gordo,Lime Creek / Mason N Twps,0,6,0,11,0,0,4,0,5,0,0,2,0,1,0,0,0,17,0,0,9,0,0.0,0,0.0,0,0,3,0,0.0,0.0,0.1771,0,0.0,0.1771,0,0.0,0.0,0.0,0.0,0.0,0.0,False,False,False,True,False,False,True
Cerro Gordo,Mason S / Bath Twps,0,5,0,4,0,0,1,0,1,0,4,1,0,0,0,5,0,5,0,0,0,0,0.0,0,6.0,0,0,0,0,0.0,0.0,0.1771,0,0.0,0.0,0,0.0,0.0,0.1771,0.0,0.0,0.0,False,False,False,True,False,False,True
Cerro Gordo,Mt Vernon - Pl Valley Twps,0,2,0,3,0,0,4,0,3,2,1,0,0,0,0,0,0,8,0,0,4,0,0.0,0,0.0,0,0,3,0,0.0,0.0,0.1771,0,0.0,0.1771,0,0.0,0.0,0.0,0.0,0.0,0.0,False,False,False,True,False,False,True
Cherokee,#6 Cherokee Ward 2,0,6,0,8,0,0,1,0,17,0,0,0,0,0,0,8,0,9,0,0,0,0,19.0,0,0.0,0,0,0,0,0.1091,0.0,0.2182,0,0.0,0.0,0,0.4364,0.0,0.0,0.0,0.0,0.0,False,True,False,True,True,False,True
Cherokee,#7 Cherokee Ward 3,0,6,0,8,0,0,1,0,17,0,0,1,0,2,0,8,0,9,0,0,0,0,19.0,0,0.0,0,0,0,0,0.1091,0.0,0.2182,0,0.0,0.0,0,0.4364,0.0,0.0,0.0,0.0,0.0,False,True,False,True,True,False,True
Clayton,BUENA VISTA,0,0,0,5,0,0,0,0,1,0,0,0,0,2,0,0,0,5,0,0,0,0,1.0,0,0.0,0,0,2,0,0.0,0.0,0.1667,0,0.0,0.0,0,0.0,0.0,0.0,0.0,0.0,0.0,False,False,False,True,False,False,True
Clayton,CASS,0,14,0,22,0,1,10,0,13,0,2,0,0,1,0,14,0,22,0,0,10,0,13.0,0,0.0,0,0,0,0,0.1667,0.0,0.3333,0,0.0,0.1667,0,0.1667,0.0,0.0,0.0,0.0,0.0,False,False,False,True,False,False,True
Clayton,COX CREEK-SPERRY,0,3,0,6,0,0,5,0,1,1,6,0,0,3,0,0,0,7,0,0,10,0,0.0,0,7.0,0,0,1,0,0.0,0.0,0.1667,0,0.0,0.1667,0,0.0,0.0,0.1667,0.0,0.0,0.0,False,False,False,True,False,False,True
Clayton,MARION,0,0,0,13,0,0,0,0,0,0,0,0,0,0,0,0,0,13,0,0,0,0,0.0,0,0.0,0,0,0,0,0.0,0.0,0.1667,0,0.0,0.0,0,0.0,0.0,0.0,0.0,0.0,0.0,False,False,False,True,False,False,True
Clayton,READ,0,1,0,3,0,0,0,0,0,0,0,0,0,1,0,1,0,3,0,0,0,0,0.0,0,0.0,0,0,1,0,0.0,0.0,0.1667,0,0.0,0.0,0,0.0,0.0,0.0,0.0,0.0,0.0,False,False,False,True,False,False,True
Clinton,DEEP CREEK GOOSE LAKE,0,6,0,3,0,0,0,0,1,1,1,0,0,0,0,6,0,6,0,0,0,0,0.0,0,0.0,0,0,0,0,0.2214,0.0,0.2214,0,0.0,0.0,0,0.0,0.0,0.0,0.0,0.0,0.0,False,True,False,False,False,False,True
Clinton,EDEN CAMANCHE TWP,0,3,0,4,0,0,4,0,8,0,2,0,0,1,0,3,0,4,0,0,4,0,8.0,0,2.0,0,0,0,0,0.0,0.0,0.0,0,0.0,0.2214,0,0.0,0.0,0.0,0.0,0.0,0.0,False,False,False,True,False,False,True
Clinton,LIBERTY TORONTO,0,1,0,3,0,0,1,0,4,3,1,0,0,0,0,1,0,3,0,0,1,0,4.0,3,1.0,0,0,0,0,0.0,0.0,0.0,0,0.0,0.2214,0,0.0,0.0,0.0,0.0,0.0,0.0,False,False,False,True,False,False,True
Clinton,LOW MOOR,0,1,0,2,0,0,0,0,2,0,1,0,0,0,0,1,0,2,0,0,0,0,2.0,0,1.0,0,0,0,0,0.0,0.0,0.2214,0,0.0,0.0,0,0.0,0.0,0.0,0.0,0.0,0.0,False,False,False,True,False,False,True
Clinton,ORANGE GRAND MOUND,0,7,0,6,0,0,0,0,7,2,6,0,0,0,0,9,0,10,0,0,0,0,9.0,0,0.0,0,0,0,0,0.2214,0.0,0.2214,0,0.0,0.0,0,0.2214,0.0,0.0,0.0,0.0,0.0,False,False,False,True,False,False,True
Clinton,SHARON LOST NATION,0,3,0,7,0,0,2,0,4,0,5,0,0,0,0,0,0,21,0,0,0,0,0.0,0,0.0,0,0,0,0,0.0,0.0,0.2214,0,0.0,0.0,0,0.0,0.0,0.0,0.0,0.0,0.0,False,False,False,True,False,False,True
Clinton,SPRING ROCK WHEATLAND,0,4,0,7,0,0,3,0,9,0,3,0,0,0,0,7,0,8,0,0,0,0,10.0,0,0.0,0,0,0,0,0.2214,0.0,0.2214,0,0.0,0.0,0,0.2214,0.0,0.0,0.0,0.0,0.0,False,False,False,True,False,False,True
Clinton,WATERFORD CHARLOTTE,0,3,0,6,0,0,3,0,4,1,2,2,0,1,0,3,0,10,0,0,0,0,4.0,1,2.0,0,0,2,0,0.0,0.0,0.2214,0,0.0,0.0,0,0.0,0.0,0.0,0.0,0.0,0.0,False,False,False,True,False,False,True
Clinton,WELTON WASHINGTON WELTON,0,7,0,6,0,0,4,0,5,3,3,1,0,0,0,8,0,13,0,0,0,0,7.0,0,0.0,0,0,1,0,0.2214,0.0,0.2214,0,0.0,0.0,0,0.2214,0.0,0.0,0.0,0.0,0.0,False,False,False,True,False,False,True
Crawford,SRK,0,9,0,4,0,0,4,0,3,0,0,0,0,0,0,9,0,7,0,0,4,0,0.0,0,0.0,0,0,0,0,0.15,0.0,0.15,0,0.0,0.15,0,0.0,0.0,0.0,0.0,0.0,0.0,False,True,False,True,False,False,True
Dallas,ADEL 2,0,34,0,66,0,0,29,0,31,0,30,0,0,0,0,40,0,70,0,0,0,0,32.0,0,33.0,0,0,0,0,0.4143,0.0,0.4143,0,0.0,0.0,0,0.4143,0.0,0.4143,0.0,0.0,0.0,False,False,False,True,False,False,True
Dallas,BEAVER / DES MOINES,0,34,0,30,0,0,20,0,15,0,18,5,0,0,0,35,0,37,0,0,28,0,22.0,0,0.0,0,0,0,0,0.4143,0.0,0.4143,0,0.0,0.4143,0,0.4143,0.0,0.0,0.0,0.0,0.0,False,False,False,True,False,False,True
Dallas,CLIVE 5,0,40,0,81,0,0,27,0,34,0,60,13,0,0,0,52,0,98,0,0,0,0,0.0,0,79.0,0,0,0,0,0.4143,0.0,0.8286,0,0.0,0.0,0,0.0,0.0,0.8286,0.0,0.0,0.0,False,False,False,True,False,False,True
Dallas,DESOTO,0,2,0,16,0,0,5,0,9,0,6,6,0,0,0,2,0,16,0,0,5,0,9.0,0,6.0,6,0,0,0,0.0,0.0,0.4143,0,0.0,0.0,0,0.0,0.0,0.0,0.0,0.0,0.0,False,False,False,True,False,False,True
Dallas,PERRY 1,0,36,0,27,0,0,5,0,37,0,20,7,0,0,0,39,0,29,0,0,0,0,41.0,0,22.0,0,0,0,0,0.4143,0.0,0.4143,0,0.0,0.0,0,0.4143,0.0,0.4143,0.0,0.0,0.0,False,False,False,True,False,False,True
Dallas,SUGAR GROVE / DALLAS CENTER,1,23,0,19,0,2,21,0,23,9,22,3,0,0,0,24,0,25,0,0,24,0,27.0,0,23.0,0,0,0,0,0.4143,0.0,0.4143,0,0.0,0.4143,0,0.4143,0.0,0.0,0.0,0.0,0.0,False,False,False,True,False,False,True
Dallas,URBANDALE 14,0,73,0,79,0,0,39,0,0,1,44,0,0,0,0,73,0,79,0,0,39,0,0.0,0,45.0,0,0,0,0,0.4143,0.0,0.8286,0,0.0,0.4143,0,0.0,0.0,0.4143,0.0,0.0,0.0,False,False,False,True,False,False,True
Dallas,VAN METER,1,30,0,32,0,0,27,0,22,0,17,13,0,2,0,34,0,40,0,0,35,0,27.0,0,7.0,1,0,0,0,0.4143,0.0,0.4143,0,0.0,0.4143,0,0.4143,0.0,0.0,0.0,0.0,0.0,False,False,False,True,False,False,True
Dallas,WAUKEE 4,2,32,0,64,0,0,40,0,28,6,33,29,0,0,0,39,0,80,0,0,48,0,0.0,0,57.0,0,0,0,0,0.4143,0.0,0.8286,0,0.0,0.4143,0,0.0,0.0,0.4143,0.0,0.0,0.0,False,False,False,True,False,False,True
Dallas,WAUKEE 5,0,42,0,95,0,0,14,0,24,0,49,26,1,0,0,51,0,117,0,0,14,0,24.0,0,65.0,26,0,0,0,0.4143,0.0,0.8286,0,0.0,0.0,0,0.0,0.0,0.8286,0.0,0.0,0.0,False,False,False,True,False,False,True
Dallas,WEST DES MOINES 224,0,5,0,20,0,0,2,0,6,0,11,1,0,0,0,5,0,20,0,0,2,0,6.0,0,11.0,1,0,0,0,0.0,0.0,0.4143,0,0.0,0.0,0,0.0,0.0,0.0,0.0,0.0,0.0,False,False,False,True,False,False,True
Davis,Central,0,10,0,8,0,0,10,0,3,0,7,0,0,0,0,10,0,8,0,0,10,0,0.0,0,10.0,0,0,0,0,0.12,0.0,0.12,0,0.0,0.12,0,0.0,0.0,0.12,0.0,0.0,0.0,False,True,False,True,False,False,True
Decatur,BU/HA/MO/NB/Davis City/Pleasanton,0,0,0,2,0,1,2,0,1,0,2,0,0,0,0,0,0,2,0,0,2,0,2.0,0,2.0,0,0,0,0,0.0,0.0,0.0471,0,0.0,0.0471,0,0.0471,0.0,0.0471,0.0,0.0,0.0,True,True,True,True,True,True,True
Decatur,DE/Decatur City,0,0,0,2,0,1,2,0,1,0,2,0,0,0,0,0,0,2,0,0,2,0,2.0,0,2.0,0,0,0,0,0.0,0.0,0.0471,0,0.0,0.0471,0,0.0471,0.0,0.0471,0.0,0.0,0.0,True,True,True,True,True,True,True
Delaware,Delaware,0,6,0,6,0,0,7,0,1,0,1,0,0,0,0,6,0,6,0,0,9,0,0.0,0,0.0,0,0,0,0,0.15,0.0,0.15,0,0.0,0.15,0,0.0,0.0,0.0,0.0,0.0,0.0,False,False,False,True,False,False,True
Des Moines,PCT 3,0,35,0,80,0,0,50,0,56,0,45,29,0,0,0,0,0,95,0,0,73,0,67.0,0,55.0,0,0,0,0,0.0,0.0,0.72,0,0.0,0.36,0,0.36,0.0,0.36,0.0,0.0,0.0,True,False,False,False,False,False,True
Des Moines,PCT 7,0,39,0,43,0,0,19,0,49,3,25,3,0,1,0,42,0,54,0,0,0,0,50.0,0,30.0,0,0,6,0,0.36,0.0,0.72,0,0.0,0.0,0,0.72,0.0,0.36,0.0,0.0,0.0,False,False,False,True,False,False,True
Des Moines,PCT WB,0,22,0,26,0,3,1,0,30,0,18,6,0,5,0,24,0,31,0,0,0,0,31.0,0,25.0,0,0,0,0,0.36,0.0,0.72,0,0.0,0.0,0,0.72,0.0,0.36,0.0,0.0,0.0,False,False,False,True,False,False,True
Dubuque,Dubuque_02,0,77,0,71,0,2,54,0,47,4,63,20,0,1,0,81,0,90,0,0,61,0,0.0,0,76.0,0,0,0,0,0.8,0.0,1.0667,0,0.0,0.5333,0,0.0,0.0,0.8,0.0,0.0,0.0,False,False,False,True,False,False,True
Dubuque,Dubuque_31,0,58,0,62,0,0,35,0,28,1,36,5,0,0,0,63,0,69,0,0,38,0,0.0,0,49.0,0,0,0,0,0.8,0.0,1.0667,0,0.0,0.5333,0,0.0,0.0,0.8,0.0,0.0,0.0,False,False,False,True,False,False,True
Emmet,EL-LN-Dolliver,0,1,0,2,0,0,0,0,0,0,1,0,0,0,0,1,0,2,0,0,0,0,0.0,0,1.0,0,0,0,0,0.0,0.0,0.1143,0,0.0,0.0,0,0.0,0.0,0.0,0.0,0.0,0.0,False,False,False,True,False,False,True
Emmet,HL-TM-Wallingford,0,3,0,4,0,0,2,0,3,0,1,0,0,2,0,5,0,8,0,0,0,0,2.0,0,0.0,0,0,0,0,0.1143,0.0,0.1143,0,0.0,0.0,0,0.0,0.0,0.0,0.0,0.0,0.0,False,False,False,True,False,False,True
Fayette,BETHEL-WINDSOR TWP,0,6,0,12,0,0,0,0,8,0,9,0,0,0,0,6,0,12,0,0,0,0,8.0,0,9.0,0,0,0,0,0.12,0.0,0.12,0,0.0,0.0,0,0.12,0.0,0.12,0.0,0.0,0.0,False,False,False,True,False,False,True
Fayette,CENTER TWP,0,2,0,3,0,0,1,0,2,0,1,0,0,0,0,2,0,3,0,0,1,0,2.0,0,1.0,0,0,0,0,0.0,0.0,0.12,0,0.0,0.0,0,0.0,0.0,0.0,0.0,0.0,0.0,False,False,False,True,False,False,True
Fayette,JEFFERSON TWP,0,6,0,12,0,0,2,0,4,0,2,0,0,0,0,7,0,12,0,0,0,0,0.0,0,7.0,0,0,0,0,0.12,0.0,0.12,0,0.0,0.0,0,0.0,0.0,0.12,0.0,0.0,0.0,False,False,False,True,False,False,True
Fayette,SCOTT TWP,0,2,0,0,0,0,0,0,2,0,0,0,0,1,0,0,0,0,0,0,0,0,5.0,0,0.0,0,0,0,0,0.0,0.0,0.0,0,0.0,0.0,0,0.12,0.0,0.0,0.0,0.0,0.0,False,False,False,True,False,False,True
Fayette,WEST UNION - WARD 3,0,7,0,10,0,0,0,0,7,0,5,2,0,0,0,7,0,10,0,0,0,0,7.0,0,6.0,0,0,0,0,0.12,0.0,0.12,0,0.0,0.0,0,0.12,0.0,0.12,0.0,0.0,0.0,False,False,False,True,False,False,True
Franklin,MARION,0,3,0,6,0,0,0,0,3,0,0,0,0,0,0,3,0,6,0,0,0,0,3.0,0,0.0,0,0,0,0,0.0556,0.0,0.1667,0,0.0,0.0,0,0.0556,0.0,0.0,0.0,0.0,0.0,False,True,False,False,False,False,True
Hamilton,PCT 1 CASS FREEDOM FREMONT INDEPENDENCE,0,10,1,7,0,0,8,0,0,0,10,0,0,2,0,10,0,8,0,0,10,0,0.0,0,10.0,0,0,0,0,0.2,0.0,0.1,0,0.0,0.2,0,0.0,0.0,0.2,0.0,0.0,0.0,False,True,False,False,False,False,True
Hamilton,PCT 2 BLAIRSBURG LIBERTY WILLIAMS,0,6,0,5,0,0,2,0,3,0,12,0,0,1,0,8,0,6,0,0,0,0,0.0,0,13.0,0,0,0,0,0.2,0.0,0.1,0,0.0,0.0,0,0.0,0.0,0.2,0.0,0.0,0.0,False,False,False,True,False,False,True
Hancock,Precinct 01,0,10,0,11,0,0,17,0,8,0,1,5,0,0,0,11,0,12,0,0,19,0,10.0,0,0.0,0,0,0,0,0.1,0.0,0.2,0,0.0,0.2,0,0.1,0.0,0.0,0.0,0.0,0.0,False,False,False,True,False,False,True
Hancock,Precinct 02,0,0,0,4,0,0,0,0,1,0,2,0,0,0,0,0,0,4,0,0,0,0,0.0,0,3.0,0,0,0,0,0.0,0.0,0.1,0,0.0,0.0,0,0.0,0.0,0.1,0.0,0.0,0.0,False,False,False,True,False,False,True
Hancock,Precinct 03,0,2,0,4,0,0,0,0,1,0,0,0,0,0,0,3,0,4,0,0,0,0,0.0,0,0.0,0,0,0,0,0.1,0.0,0.1,0,0.0,0.0,0,0.0,0.0,0.0,0.0,0.0,0.0,False,False,False,True,False,False,True
Hancock,Precinct 05,0,0,0,0,0,0,0,0,2,0,0,0,0,0,0,0,0,0,0,0,0,0,2.0,0,0.0,0,0,0,0,0.0,0.0,0.0,0,0.0,0.0,0,0.1,0.0,0.0,0.0,0.0,0.0,False,False,False,True,False,False,True
Hancock,Precinct 08,0,0,0,8,0,0,0,0,0,0,5,2,0,0,0,0,0,8,0,0,0,0,0.0,0,5.0,0,0,0,0,0.0,0.0,0.1,0,0.0,0.0,0,0.0,0.0,0.1,0.0,0.0,0.0,False,False,False,True,False,False,True
Hancock,Precinct 10,0,0,0,4,0,0,0,0,1,0,1,0,2,0,0,0,0,4,0,0,0,0,2.0,0,2.0,0,0,0,0,0.0,0.0,0.1,0,0.0,0.0,0,0.1,0.0,0.0,0.0,0.0,0.0,False,False,False,True,False,False,True
Henry,Mt. Pleasant Ward 4,0,3,1,19,0,0,0,0,12,0,5,8,0,0,0,0,0,24,0,0,0,0,12.0,0,0.0,9,0,0,0,0.0,0.0,0.4667,0,0.0,0.0,0,0.2,0.0,0.0,0.2,0.0,0.0,True,False,False,True,False,False,True
Henry,Northeast Precinct,0,3,1,19,0,0,0,0,12,0,5,8,0,0,0,3,0,24,0,0,0,0,12.0,0,0.0,9,0,0,0,0.0,0.0,0.4667,0,0.0,0.0,0,0.2,0.0,0.0,0.2,0.0,0.0,True,False,False,True,False,False,True
Humboldt,Humboldt-West Vernon,0,4,0,3,0,0,0,0,0,0,3,0,0,0,0,4,0,6,0,0,0,0,0.0,0,0.0,0,0,0,0,0.0889,0.0,0.0889,0,0.0,0.0,0,0.0,0.0,0.0,0.0,0.0,0.0,False,False,False,True,False,False,True
Humboldt,North Lake-East Vernon,0,1,0,1,0,0,0,0,1,0,0,0,0,0,0,1,0,1,0,0,0,0,0.0,0,0.0,0,0,0,0,0.0889,0.0,0.0889,0,0.0,0.0,0,0.0,0.0,0.0,0.0,0.0,0.0,True,False,False,True,False,False,True
Humboldt,South Lake-North Norway,0,0,0,3,0,0,0,0,1,0,0,1,0,0,0,0,0,3,0,0,0,0,1.0,0,0.0,1,0,0,0,0.0,0.0,0.0889,0,0.0,0.0,0,0.0,0.0,0.0,0.0,0.0,0.0,False,False,False,True,False,False,True
Ida,City of Arthur,0,2,0,4,0,0,4,0,2,2,2,0,0,0,0,0,0,7,0,0,7,0,0.0,0,0.0,0,0,0,0,0.0,0.0,0.15,0,0.0,0.15,0,0.0,0.0,0.0,0.0,0.0,0.0,False,False,False,True,False,False,True
Ida,City of Galva,0,0,0,2,0,0,0,0,2,0,1,0,0,0,0,0,0,2,0,0,0,0,2.0,0,1.0,0,0,0,0,0.0,0.0,0.0,0,0.0,0.0,0,0.15,0.0,0.0,0.0,0.0,0.0,True,True,True,False,False,False,True
Ida,Ida Grove Ward 1,0,2,0,8,0,0,1,0,1,0,0,0,0,1,0,4,0,8,0,0,0,0,0.0,0,0.0,0,0,1,0,0.15,0.0,0.15,0,0.0,0.0,0,0.0,0.0,0.0,0.0,0.0,0.0,False,False,False,True,False,False,True
Ida,Ida Grove Ward 2,0,4,0,5,0,0,3,0,0,0,0,0,0,0,0,5,0,7,0,0,0,0,0.0,0,0.0,0,0,0,0,0.15,0.0,0.15,0,0.0,0.0,0,0.0,0.0,0.0,0.0,0.0,0.0,False,False,False,True,False,False,True
Ida,Ida Grove Ward 3,0,7,0,3,0,0,3,0,2,0,0,0,0,0,0,7,0,5,0,0,3,0,0.0,0,0.0,0,0,0,0,0.15,0.0,0.15,0,0.0,0.15,0,0.0,0.0,0.0,0.0,0.0,0.0,False,False,False,True,False,False,True
Jackson,Jackson 05,0,9,0,6,0,0,4,0,0,0,1,0,0,0,0,9,0,7,0,0,4,0,0.0,0,0.0,0,0,0,0,0.1714,0.0,0.1714,0,0.0,0.1714,0,0.0,0.0,0.0,0.0,0.0,0.0,False,True,False,False,False,False,True
Jackson,Jackson 06,0,12,0,16,0,0,8,0,5,0,6,0,0,0,0,12,0,16,0,0,8,0,11.0,0,0.0,0,0,0,0,0.1714,0.0,0.1714,0,0.0,0.1714,0,0.1714,0.0,0.0,0.0,0.0,0.0,False,False,False,True,False,False,True
Jackson,Jackson 12,0,3,0,5,0,0,4,0,6,0,0,0,0,0,0,3,0,5,0,0,4,0,6.0,0,0.0,0,0,0,0,0.1714,0.0,0.1714,0,0.0,0.1714,0,0.1714,0.0,0.0,0.0,0.0,0.0,False,False,False,True,False,False,True
Jackson,Jackson 13,0,7,0,8,0,0,2,0,7,2,8,3,0,0,0,10,0,0,0,0,0,0,10.0,0,9.0,0,0,0,0,0.1714,0.0,0.0,0,0.0,0.0,0,0.1714,0.0,0.1714,0.0,0.0,0.0,False,False,False,True,False,False,True
Jackson,Jackson 14,0,8,0,11,0,0,2,0,16,0,10,0,0,0,0,9,0,12,0,0,0,0,16.0,0,10.0,0,0,0,0,0.1714,0.0,0.1714,0,0.0,0.0,0,0.1714,0.0,0.1714,0.0,0.0,0.0,False,False,False,True,False,False,True
Jefferson,Blackhawk-Polk-Packwood,0,5,1,2,0,0,0,0,15,3,7,0,0,0,0,4,0,0,0,0,0,0,18.0,0,9.0,0,2,0,0,0.0,0.0,0.0,0,0.0,0.0,0,0.2182,0.0,0.0,0.0,0.0,0.0,False,False,False,True,False,False,True
Jefferson,Locust Grove-Batavia,0,6,0,2,0,0,0,0,9,0,0,0,0,0,0,6,0,2,0,0,0,0,9.0,0,0.0,0,0,0,0,0.0,0.0,0.0,0,0.0,0.0,0,0.2182,0.0,0.0,0.0,0.0,0.0,False,False,False,True,False,False,True
Johnson,CEDAR TOWNSHIP,1,5,0,12,0,0,15,0,20,0,12,0,0,0,0,3,0,12,0,0,22,0,28.0,0,0.0,0,0,0,0,0.0,0.0,0.0,0,0.0,0.405,0,0.0,0.0,0.0,0.0,0.0,0.0,False,False,False,True,False,False,True
Johnson,CORALVILLE 01,0,26,0,67,0,1,37,0,208,0,150,35,0,5,0,0,0,100,0,0,0,0,224.0,0,169.0,0,0,36,0,0.0,0.0,0.81,0,0.0,0.0,0,1.62,0.0,1.215,0.0,0.0,0.0,False,False,False,True,False,False,True
Johnson,CORALVILLE 03,0,34,0,47,0,0,33,0,48,4,45,17,0,0,0,35,0,50,0,0,43,0,50.0,0,46.0,0,0,4,0,0.405,0.0,0.405,0,0.0,0.405,0,0.405,0.0,0.405,0.0,0.0,0.0,False,False,False,True,False,False,True
Johnson,CORALVILLE 04,0,26,0,51,0,1,18,0,109,10,76,16,2,0,0,0,0,66,0,0,0,0,115.0,0,102.0,0,0,0,0,0.0,0.0,0.81,0,0.0,0.0,0,1.215,0.0,0.81,0.0,0.0,0.0,False,False,False,True,False,False,True
Johnson,CORALVILLE 05,0,8,0,46,0,0,29,0,138,3,83,17,0,2,0,0,0,67,0,0,0,0,140.0,0,99.0,0,0,0,0,0.0,0.0,0.81,0,0.0,0.0,0,1.215,0.0,0.81,0.0,0.0,0.0,False,False,False,True,False,False,True
Johnson,FREMONT-LINCOLN (INCLUDES,0,8,0,22,0,0,18,0,38,7,18,2,0,0,0,0,0,25,0,0,22,0,38.0,0,24.0,0,0,4,0,0.0,0.0,0.405,0,0.0,0.405,0,0.405,0.0,0.405,0.0,0.0,0.0,False,False,False,True,False,False,True
Johnson,GRAHAM TOWNSHIP,0,10,0,11,0,0,13,0,9,1,8,2,0,0,0,0,0,0,0,0,0,0,0.0,0,0.0,0,0,0,0,0.0,0.0,0.0,0,0.0,0.405,0,0.0,0.0,0.0,0.0,0.0,0.0,False,True,False,True,False,False,True
Johnson,HARDIN TOWNSHIP,0,6,0,12,0,0,13,0,10,0,14,0,0,0,0,0,0,0,0,0,30,0,0.0,0,25.0,0,0,0,0,0.0,0.0,0.0,0,0.0,0.405,0,0.0,0.0,0.0,0.0,0.0,0.0,False,False,False,True,False,False,True
Johnson,IOWA CITY 03,1,10,0,62,0,0,13,0,196,0,106,59,0,0,0,0,0,0,0,0,0,0,213.0,0,130.0,0,0,0,0,0.0,0.0,0.0,0,0.0,0.0,0,1.62,0.0,1.215,0.0,0.0,0.0,False,False,False,True,False,False,True
Johnson,IOWA CITY 05,1,29,1,110,0,2,13,0,291,0,209,98,0,0,0,0,0,125,0,0,0,0,313.0,0,232.0,0,0,0,0,0.0,0.0,0.81,0,0.0,0.0,0,1.62,0.0,1.215,0.0,0.0,0.0,False,False,False,True,False,False,True
Johnson,IOWA CITY 09,0,52,0,57,0,0,50,1,147,13,119,21,0,4,0,0,0,79,0,0,0,0,160.0,0,140.0,0,0,0,0,0.0,0.0,0.81,0,0.0,0.0,0,1.62,0.0,1.215,0.0,0.0,0.0,False,False,False,True,False,False,True
Johnson,IOWA CITY 10/ELSW,1,23,0,50,0,0,16,0,95,0,74,21,1,1,0,4,0,71,0,0,0,0,105.0,0,92.0,0,0,1,0,0.0,0.0,0.81,0,0.0,0.0,0,1.215,0.0,0.81,0.0,0.0,0.0,False,False,False,True,False,False,True
Johnson,IOWA CITY 12/EAST LUCAS SE,2,24,0,45,0,0,16,0,139,4,103,11,0,0,0,0,0,57,0,0,0,0,146.0,0,126.0,0,0,0,0,0.0,0.0,0.81,0,0.0,0.0,0,1.62,0.0,1.215,0.0,0.0,0.0,False,False,False,True,False,False,True
Johnson,IOWA CITY 17,2,56,0,88,0,5,97,0,272,9,291,40,0,0,0,0,0,0,0,0,143,0,295.0,0,304.0,0,0,0,0,0.0,0.0,0.0,0,0.0,0.81,0,2.025,0.0,2.025,0.0,0.0,0.0,False,False,False,True,False,False,True
Johnson,IOWA CITY 18,0,23,0,87,0,1,99,1,279,2,293,49,0,3,0,0,0,26,0,0,155,0,313.0,0,331.0,3,0,0,0,0.0,0.0,0.0,0,0.0,0.81,0,2.025,0.0,2.025,0.0,0.0,0.0,False,False,False,True,False,False,True
Johnson,IOWA CITY 19,0,9,0,45,0,2,5,0,224,0,101,52,0,5,0,0,0,0,0,0,0,0,236.0,0,120.0,0,0,0,0,0.0,0.0,0.0,0,0.0,0.0,0,1.62,0.0,1.215,0.0,0.0,0.0,False,False,False,True,False,False,True
Johnson,IOWA CITY 20,0,19,0,79,0,3,6,0,274,8,160,66,0,2,0,0,0,95,0,0,0,0,300.0,0,176.0,0,0,0,0,0.0,0.0,0.81,0,0.0,0.0,0,1.62,0.0,1.215,0.0,0.0,0.0,False,False,False,True,False,False,True
Johnson,JW/MN/SW,0,30,0,40,0,0,29,0,35,3,30,3,0,2,0,31,0,40,0,0,31,0,37.0,0,30.0,3,0,3,0,0.405,0.0,0.405,0,0.0,0.405,0,0.405,0.0,0.405,0.0,0.0,0.0,False,False,False,True,False,False,True
Johnson,SCOTT TWP-WEST BRANCH,0,12,0,26,0,0,18,0,45,0,39,11,0,6,0,4,0,28,0,0,27,0,48.0,0,49.0,0,0,1,0,0.0,0.0,0.405,0,0.0,0.405,0,0.405,0.0,0.405,0.0,0.0,0.0,False,False,False,True,False,False,True
Johnson,SHARON TOWNSHIP,0,3,0,7,0,2,17,0,10,0,17,0,0,0,0,3,0,7,0,2,17,0,10.0,0,17.0,0,0,0,0,0.0,0.0,0.0,0,0.0,0.0,0,0.0,0.0,0.405,0.0,0.0,0.0,False,False,False,True,False,False,True
Johnson,UNIVERSITY HEIGHTS,2,34,0,50,0,0,46,0,74,1,94,11,0,0,0,0,0,60,0,0,61,0,79.0,0,96.0,0,0,0,0,0.0,0.0,0.405,0,0.0,0.405,0,0.405,0.0,0.405,0.0,0.0,0.0,False,False,False,True,False,False,True
Johnson,WASHINGTON TOWNSHIP,0,15,0,9,0,0,11,0,22,0,23,7,0,0,0,15,0,9,0,0,11,0,22.0,0,23.0,7,0,0,0,0.0,0.0,0.0,0,0.0,0.0,0,0.0,0.0,0.405,0.0,0.0,0.0,False,False,False,True,False,False,True
Jones,GF-GREENFIELD,0,2,0,5,0,0,7,0,5,0,0,0,0,0,0,0,0,5,0,0,9,0,5.0,0,0.0,0,0,0,0,0.0,0.0,0.16,0,0.0,0.16,0,0.16,0.0,0.0,0.0,0.0,0.0,False,False,False,True,False,False,True
Jones,MN3-MONTICELLO 3,0,6,0,6,0,0,6,0,13,0,4,0,0,0,0,6,0,9,0,0,6,0,14.0,0,0.0,0,0,0,0,0.16,0.0,0.16,0,0.0,0.16,0,0.16,0.0,0.0,0.0,0.0,0.0,False,False,False,True,False,False,True
Jones,MN4-MONTICELLO 4,0,12,0,8,0,0,6,0,7,0,0,3,0,0,0,12,0,10,0,0,7,0,7.0,0,0.0,0,0,0,0,0.16,0.0,0.16,0,0.0,0.16,0,0.16,0.0,0.0,0.0,0.0,0.0,False,False,False,True,False,False,True
Jones,ROHA-ROME/HALE,0,6,0,10,0,0,0,0,8,0,0,0,0,0,0,6,0,10,0,0,0,0,8.0,0,0.0,0,0,0,0,0.16,0.0,0.32,0,0.0,0.0,0,0.32,0.0,0.0,0.0,0.0,0.0,False,False,False,True,False,False,True
Jones,SGMC-SC GRV/MADISON/CLAY,0,4,0,6,0,0,7,0,9,0,2,0,0,0,0,5,0,6,0,0,7,0,10.0,0,0.0,0,0,0,0,0.16,0.0,0.16,0,0.0,0.16,0,0.16,0.0,0.0,0.0,0.0,0.0,False,False,False,True,False,False,True
Keokuk,East/West Lancaster,0,0,0,5,0,0,0,0,0,2,0,1,0,0,0,0,0,5,0,0,0,0,0.0,2,0.0,1,0,0,0,0.0,0.0,0.1143,0,0.0,0.0,0,0.0,0.0,0.0,0.0,0.0,0.0,False,False,False,True,False,False,True
Keokuk,Richland,0,6,0,6,0,0,0,0,2,0,2,0,0,0,0,6,0,6,0,0,0,0,2.0,0,2.0,0,0,0,0,0.1143,0.0,0.1143,0,0.0,0.0,0,0.0,0.0,0.0,0.0,0.0,0.0,False,False,False,True,False,False,True
Keokuk,Sigourney 3rd Ward,0,0,0,5,0,0,5,0,1,0,0,2,0,0,0,0,0,6,0,0,7,0,0.0,0,0.0,0,0,0,0,0.0,0.0,0.1143,0,0.0,0.1143,0,0.0,0.0,0.0,0.0,0.0,0.0,False,False,False,True,False,False,True
Keokuk,Sigourney 4th Ward,0,4,3,6,0,0,7,0,3,0,0,0,0,0,0,0,0,10,0,0,13,0,0.0,0,0.0,0,0,0,0,0.0,0.0,0.1143,0,0.0,0.1143,0,0.0,0.0,0.0,0.0,0.0,0.0,False,False,False,True,False,False,True
Kossuth,CR 1,0,0,0,1,0,0,0,0,0,0,0,0,0,0,0,0,0,1,0,0,0,0,0.0,0,0.0,0,0,0,0,0.0,0.0,0.0889,0,0.0,0.0,0,0.0,0.0,0.0,0.0,0.0,0.0,False,True,False,True,False,False,True
Kossuth,CR 2,0,6,0,5,0,0,2,0,0,0,2,0,0,0,0,6,0,5,0,0,4,0,0.0,0,0.0,0,0,0,0,0.0889,0.0,0.0889,0,0.0,0.0,0,0.0,0.0,0.0,0.0,0.0,0.0,False,False,False,True,False,False,True
Kossuth,GW- SN,0,1,0,1,0,0,0,0,1,0,0,0,0,0,0,1,0,1,0,0,0,0,1.0,0,0.0,0,0,0,0,0.0,0.0,0.0,0,0.0,0.0889,0,0.0,0.0,0.0,0.0,0.0,0.0,True,True,True,False,False,False,True
Kossuth,IV- PC,0,2,0,3,0,0,0,0,0,0,0,0,0,0,0,2,0,3,0,0,0,0,0.0,0,0.0,0,0,0,0,0.0,0.0,0.0889,0,0.0,0.0,0,0.0,0.0,0.0,0.0,0.0,0.0,False,False,False,True,False,False,True
Kossuth,LC,0,2,0,3,0,0,0,0,2,0,0,0,0,1,0,2,0,3,0,0,0,0,2.0,0,0.0,0,0,1,0,0.0,0.0,0.0889,0,0.0,0.0,0,0.0,0.0,0.0,0.0,0.0,0.0,False,False,False,True,False,False,True
Kossuth,PC,0,1,0,4,0,0,3,0,0,2,1,0,0,0,0,1,0,4,0,0,3,0,0.0,2,1.0,0,0,0,0,0.0,0.0,0.0889,0,0.0,0.0,0,0.0,0.0,0.0,0.0,0.0,0.0,False,False,False,True,False,False,True
Kossuth,UN,0,1,0,2,0,0,0,0,1,0,0,0,0,0,0,1,0,2,0,0,0,0,1.0,0,0.0,0,0,0,0,0.0,0.0,0.0889,0,0.0,0.0,0,0.0,0.0,0.0,0.0,0.0,0.0,False,False,False,True,False,False,True
Linn,Boulder,0,12,0,0,0,0,0,0,0,0,9,0,0,1,0,12,0,0,0,0,0,0,0.0,0,9.0,0,0,1,0,0.4395,0.0,0.0,0,0.0,0.0,0,0.0,0.0,0.0,0.0,0.0,0.0,False,False,False,True,False,False,True
Linn,Brown,1,18,0,18,0,0,20,0,19,3,11,0,0,0,1,0,0,22,0,0,26,0,22.0,0,0.0,0,0,0,0,0.0,0.0,0.4395,0,0.0,0.4395,0,0.4395,0.0,0.0,0.0,0.0,0.0,False,False,False,True,False,False,True
Linn,Buffalo,0,11,0,1,0,0,0,0,0,0,9,1,0,0,0,11,0,1,0,0,0,0,0.0,0,9.0,1,0,0,0,0.4395,0.0,0.0,0,0.0,0.0,0,0.0,0.0,0.0,0.0,0.0,0.0,False,False,False,True,False,False,True
Linn,Cedar Rapids 01,0,43,1,47,0,2,13,0,59,0,29,8,0,0,0,49,0,57,0,0,0,0,60.0,0,36.0,0,0,0,0,0.4395,0.0,0.4395,0,0.0,0.0,0,0.8791,0.0,0.4395,0.0,0.0,0.0,False,False,False,True,False,False,True
Linn,Cedar Rapids 02,0,38,0,22,0,1,4,0,50,4,34,8,0,1,0,39,0,29,0,0,0,0,52.0,0,41.0,0,0,1,0,0.4395,0.0,0.4395,0,0.0,0.0,0,0.8791,0.0,0.4395,0.0,0.0,0.0,False,False,False,True,False,False,True
Linn,Cedar Rapids 04,0,40,0,33,0,0,41,0,50,0,43,11,0,0,0,42,0,40,0,0,42,0,50.0,0,44.0,0,0,0,0,0.4395,0.0,0.4395,0,0.0,0.4395,0,0.4395,0.0,0.4395,0.0,0.0,0.0,False,False,False,True,False,False,True
Linn,Cedar Rapids 06,0,29,0,53,0,0,36,0,49,1,42,19,0,0,0,0,0,65,0,0,55,0,60.0,0,47.0,0,0,0,0,0.0,0.0,0.8791,0,0.0,0.4395,0,0.8791,0.0,0.4395,0.0,0.0,0.0,False,False,False,True,False,False,True
Linn,Cedar Rapids 07,1,28,0,37,0,1,8,0,42,0,39,4,0,0,0,29,0,41,0,0,0,0,48.0,0,39.0,0,0,0,0,0.4395,0.0,0.4395,0,0.0,0.0,0,0.4395,0.0,0.4395,0.0,0.0,0.0,False,False,False,True,False,False,True
Linn,Cedar Rapids 08,0,20,0,16,0,1,4,0,45,7,25,10,0,0,0,27,0,21,0,0,0,0,46.0,0,28.0,0,6,0,0,0.4395,0.0,0.4395,0,0.0,0.0,0,0.8791,0.0,0.4395,0.0,0.0,0.0,False,False,False,True,False,False,True
Linn,Cedar Rapids 09,0,15,0,21,0,1,11,0,59,3,30,14,0,0,0,0,0,49,0,0,0,0,64.0,0,32.0,0,0,9,0,0.0,0.0,0.8791,0,0.0,0.0,0,0.8791,0.0,0.4395,0.0,0.0,0.0,False,False,False,True,False,False,True
Linn,Cedar Rapids 13,0,15,0,43,0,0,20,0,92,2,53,11,0,2,0,13,0,58,0,0,0,0,99.0,0,65.0,1,0,2,0,0.0,0.0,0.4395,0,0.0,0.0,0,1.3186,0.0,0.8791,0.0,0.0,0.0,False,False,False,True,False,False,True
Linn,Cedar Rapids 15,1,42,0,38,0,1,37,0,65,0,50,5,1,1,0,43,0,38,0,0,38,0,67.0,0,54.0,0,0,0,0,0.4395,0.0,0.4395,0,0.0,0.4395,0,0.4395,0.0,0.4395,0.0,0.0,0.0,False,False,False,True,False,False,True
Linn,Cedar Rapids 18,0,12,0,20,0,0,23,0,36,2,30,9,0,0,0,0,0,20,0,0,23,0,36.0,0,30.0,0,0,0,0,0.0,0.0,0.4395,0,0.0,0.4395,0,0.4395,0.0,0.4395,0.0,0.0,0.0,False,False,False,True,False,False,True
Linn,Cedar Rapids 20,0,47,0,47,0,0,19,0,54,4,44,5,0,0,0,54,0,55,0,0,0,0,58.0,0,51.0,0,0,0,0,0.8791,0.0,0.8791,0,0.0,0.0,0,0.8791,0.0,0.4395,0.0,0.0,0.0,False,False,False,True,False,False,True
Linn,Cedar Rapids 28,0,40,0,29,0,0,0,0,49,0,24,11,0,0,0,41,0,43,0,0,0,0,53.0,0,31.0,0,0,0,0,0.8791,0.0,0.8791,0,0.0,0.0,0,0.8791,0.0,0.4395,0.0,0.0,0.0,False,False,False,True,False,False,True
Linn,Cedar Rapids 29,0,30,0,30,0,0,22,0,45,1,33,4,0,0,0,34,0,41,0,0,0,0,47.0,0,39.0,0,0,0,0,0.4395,0.0,0.8791,0,0.0,0.0,0,0.8791,0.0,0.4395,0.0,0.0,0.0,False,False,False,True,False,False,True
Linn,Cedar Rapids 30,0,40,0,35,0,0,25,0,51,6,41,6,0,0,0,50,0,45,0,0,0,0,52.0,0,51.0,0,0,6,0,0.8791,0.0,0.4395,0,0.0,0.0,0,0.8791,0.0,0.8791,0.0,0.0,0.0,False,False,False,True,False,False,True
Linn,Cedar Rapids 31,0,50,0,74,0,1,38,0,52,3,53,5,0,5,0,62,0,88,0,0,0,0,67.0,0,65.0,0,0,0,0,0.8791,0.0,0.8791,0,0.0,0.0,0,0.8791,0.0,0.8791,0.0,0.0,0.0,False,False,False,True,False,False,True
Linn,Cedar Rapids 32,0,23,0,24,0,0,6,0,44,0,19,5,0,2,0,23,0,35,0,0,0,0,44.0,0,19.0,0,0,2,0,0.4395,0.0,0.8791,0,0.0,0.0,0,0.8791,0.0,0.4395,0.0,0.0,0.0,False,False,False,True,False,False,True
Linn,Cedar Rapids 33,0,19,0,14,0,2,10,0,61,0,33,6,0,2,0,0,0,27,0,0,0,0,67.0,0,43.0,0,0,0,0,0.0,0.0,0.4395,0,0.0,0.0,0,1.3186,0.0,0.8791,0.0,0.0,0.0,False,False,False,True,False,False,True
Linn,Cedar Rapids 35,0,16,0,35,0,0,22,0,67,2,31,10,2,0,0,0,0,45,0,0,30,0,71.0,0,37.0,0,0,0,0,0.0,0.0,0.8791,0,0.0,0.4395,0,0.8791,0.0,0.4395,0.0,0.0,0.0,False,False,False,True,False,False,True
Linn,Cedar Rapids 36,0,47,0,46,0,1,35,0,89,9,65,13,0,1,0,61,0,59,0,0,0,0,89.0,0,80.0,0,0,0,0,0.8791,0.0,0.8791,0,0.0,0.0,0,0.8791,0.0,0.8791,0.0,0.0,0.0,False,False,False,True,False,False,True
Linn,Cedar Rapids 37,1,33,0,29,0,0,23,0,55,0,37,6,1,1,0,42,0,38,0,0,0,0,60.0,0,40.0,0,0,0,0,0.8791,0.0,0.4395,0,0.0,0.0,0,0.8791,0.0,0.8791,0.0,0.0,0.0,False,False,False,True,False,False,True
Linn,Cedar Rapids 39,0,40,0,44,0,0,20,0,44,2,31,5,1,4,0,47,0,55,0,0,0,0,44.0,0,37.0,0,0,8,0,0.8791,0.0,0.8791,0,0.0,0.0,0,0.8791,0.0,0.8791,0.0,0.0,0.0,False,False,False,True,False,False,True
Linn,Cedar Rapids 41,0,38,0,56,0,0,4,0,54,0,32,10,0,8,0,45,0,63,0,0,0,0,56.0,0,37.0,0,0,0,0,0.8791,0.0,0.8791,0,0.0,0.0,0,0.8791,0.0,0.4395,0.0,0.0,0.0,False,False,False,True,False,False,True
Linn,Cedar Rapids 42,0,8,0,63,0,0,5,0,45,0,34,17,0,3,0,0,0,75,0,0,0,0,51.0,0,41.0,0,0,0,0,0.0,0.0,0.8791,0,0.0,0.0,0,0.8791,0.0,0.4395,0.0,0.0,0.0,False,False,False,True,False,False,True
Linn,Cedar Rapids 43,0,23,0,18,0,2,5,0,51,0,15,11,0,0,0,26,0,23,0,0,0,0,55.0,0,20.0,0,0,0,0,0.4395,0.0,0.4395,0,0.0,0.0,0,0.4395,0.0,0.4395,0.0,0.0,0.0,False,False,False,True,False,False,True
Linn,College,0,9,0,13,0,3,7,0,4,2,7,1,0,0,0,0,0,24,0,0,22,0,0.0,0,0.0,0,0,0,0,0.0,0.0,0.4395,0,0.0,0.0,0,0.0,0.0,0.0,0.0,0.0,0.0,False,False,False,True,False,False,True
Linn,Fairfax City,0,12,0,33,0,0,24,0,27,0,24,5,0,0,0,0,0,37,0,0,29,0,29.0,0,24.0,0,6,0,0,0.0,0.0,0.8791,0,0.0,0.4395,0,0.4395,0.0,0.4395,0.0,0.0,0.0,False,False,False,True,False,False,True
Linn,Fairfax Township,0,17,3,26,0,0,13,0,9,3,2,2,0,0,0,21,0,28,0,0,23,0,0.0,0,0.0,0,0,0,0,0.4395,0.0,0.4395,0,0.0,0.4395,0,0.0,0.0,0.0,0.0,0.0,0.0,False,False,False,True,False,False,True
Linn,Fayette,0,6,0,14,0,0,8,0,11,0,13,2,0,0,0,0,0,24,0,0,0,0,0.0,0,19.0,0,0,0,0,0.0,0.0,0.4395,0,0.0,0.0,0,0.0,0.0,0.4395,0.0,0.0,0.0,False,False,False,True,False,False,True
Linn,Grant,0,14,0,2,0,0,7,0,3,1,5,2,0,0,0,15,0,0,0,0,14,0,0.0,0,0.0,0,0,0,0,0.4395,0.0,0.0,0,0.0,0.4395,0,0.0,0.0,0.0,0.0,0.0,0.0,False,False,False,True,False,False,True
Linn,Hiawatha 3,0,12,0,25,0,1,10,0,14,4,24,2,0,0,0,0,0,41,0,0,0,0,0.0,0,39.0,0,0,12,0,0.0,0.0,0.4395,0,0.0,0.0,0,0.0,0.0,0.4395,0.0,0.0,0.0,False,False,False,True,False,False,True
Linn,Hiawatha4,0,4,0,9,0,0,2,0,3,0,4,1,0,0,0,4,0,9,0,0,2,0,3.0,0,4.0,1,0,0,0,0.0,0.0,0.4395,0,0.0,0.0,0,0.0,0.0,0.0,0.0,0.0,0.0,False,False,False,True,False,False,True
Linn,Jackson,0,10,0,9,0,0,7,0,8,4,12,0,0,4,0,0,0,25,0,0,0,0,0.0,0,22.0,0,0,0,0,0.0,0.0,0.4395,0,0.0,0.0,0,0.0,0.0,0.4395,0.0,0.0,0.0,False,False,False,True,False,False,True
Linn,Maine,0,8,0,13,0,0,18,0,28,5,11,3,0,0,0,0,0,19,0,0,27,0,32.0,0,0.0,0,0,0,0,0.0,0.0,0.4395,0,0.0,0.4395,0,0.4395,0.0,0.0,0.0,0.0,0.0,False,False,False,True,False,False,True
Linn,Marion 04,0,16,0,19,0,0,0,0,32,0,14,10,0,0,0,16,0,19,0,0,0,0,32.0,0,14.0,0,0,0,0,0.4395,0.0,0.4395,0,0.0,0.0,0,0.4395,0.0,0.4395,0.0,0.0,0.0,False,False,False,True,False,False,True
Linn,Marion 06,0,38,0,47,0,0,25,0,56,0,41,8,0,0,0,52,0,56,0,0,0,0,57.0,0,46.0,0,0,0,0,0.8791,0.0,0.8791,0,0.0,0.0,0,0.8791,0.0,0.4395,0.0,0.0,0.0,False,False,False,True,False,False,True
Linn,Marion 07,0,41,0,48,0,0,32,0,46,3,34,10,0,12,0,42,0,54,0,0,39,0,56.0,0,35.0,0,0,0,0,0.4395,0.0,0.4395,0,0.0,0.4395,0,0.8791,0.0,0.4395,0.0,0.0,0.0,False,False,False,True,False,False,True
Linn,Marion 08,0,27,0,23,0,0,18,0,43,5,38,8,2,0,0,29,0,24,0,0,24,0,47.0,0,40.0,0,0,0,0,0.4395,0.0,0.4395,0,0.0,0.4395,0,0.8791,0.0,0.4395,0.0,0.0,0.0,False,False,False,True,False,False,True
Linn,Marion 09,0,33,0,23,0,0,11,0,34,0,28,8,0,0,0,36,0,33,0,0,0,0,38.0,0,30.0,0,0,0,0,0.4395,0.0,0.4395,0,0.0,0.0,0,0.8791,0.0,0.4395,0.0,0.0,0.0,False,False,False,True,False,False,True
Linn,Marion 10,0,30,0,30,0,0,2,0,40,1,25,7,0,0,0,30,0,33,0,0,0,0,47.0,0,25.0,0,0,0,0,0.4395,0.0,0.4395,0,0.0,0.0,0,0.8791,0.0,0.4395,0.0,0.0,0.0,False,False,False,True,False,False,True
Linn,Marion 12,0,23,0,26,0,0,21,0,27,0,15,9,0,0,0,23,0,31,0,0,26,0,40.0,0,0.0,0,0,0,0,0.0,0.0,0.4395,0,0.0,0.4395,0,0.4395,0.0,0.0,0.0,0.0,0.0,False,False,False,True,False,False,True
Linn,Marion 13,0,43,0,55,0,0,25,0,65,4,37,4,0,0,0,48,0,69,0,0,0,0,68.0,0,42.0,0,0,0,0,0.4395,0.0,0.8791,0,0.0,0.0,0,0.8791,0.0,0.4395,0.0,0.0,0.0,False,False,False,True,False,False,True
Linn,Marion township,0,20,3,15,0,0,24,0,18,0,15,1,0,0,0,32,0,0,0,0,36,0,0.0,0,0.0,0,0,0,0,0.4395,0.0,0.0,0,0.0,0.4395,0,0.0,0.0,0.0,0.0,0.0,0.0,False,False,False,True,False,False,True
Linn,Monroe 1,0,27,0,21,0,0,22,0,3,4,16,0,0,3,0,28,0,22,0,0,24,0,0.0,0,0.0,0,0,0,0,0.4395,0.0,0.4395,0,0.0,0.4395,0,0.0,0.0,0.0,0.0,0.0,0.0,False,False,False,True,False,False,True
Linn,Monroe 2,0,23,0,38,0,0,31,0,22,0,8,5,0,0,0,30,0,39,0,0,33,0,25.0,0,0.0,0,0,0,0,0.4395,0.0,0.4395,0,0.0,0.4395,0,0.0,0.0,0.0,0.0,0.0,0.0,False,False,False,True,False,False,True
Linn,Mount Vernon north,1,21,0,49,0,0,40,0,42,5,62,5,0,12,0,0,0,55,0,0,46,0,44.0,0,66.0,0,0,0,0,0.0,0.0,0.4395,0,0.0,0.4395,0,0.4395,0.0,0.4395,0.0,0.0,0.0,False,False,False,True,False,False,True
Linn,Otter Creek,0,15,0,17,0,0,0,0,6,1,10,0,0,2,0,16,0,19,0,0,0,0,0.0,0,16.0,0,0,0,0,0.0,0.0,0.4395,0,0.0,0.0,0,0.0,0.0,0.4395,0.0,0.0,0.0,False,False,False,True,False,False,True
Linn,Putnam,0,20,0,36,0,0,30,0,31,2,18,15,0,0,0,0,0,46,0,0,36,0,39.0,0,24.0,0,0,7,0,0.0,0.0,0.8791,0,0.0,0.4395,0,0.4395,0.0,0.4395,0.0,0.0,0.0,False,False,False,True,False,False,True
Linn,Spring Grove,0,9,0,1,0,0,1,0,2,1,5,0,0,0,0,9,0,1,0,0,1,0,2.0,1,5.0,0,0,0,0,0.4395,0.0,0.0,0,0.0,0.0,0,0.0,0.0,0.0,0.0,0.0,0.0,False,False,False,True,False,False,True
Lyon,PCT 1 GEORGE,0,8,0,6,0,0,1,0,1,0,8,0,0,0,0,8,0,7,0,0,0,0,0.0,0,9.0,0,0,0,0,0.2,0.0,0.1,0,0.0,0.0,0,0.0,0.0,0.2,0.0,0.0,0.0,False,False,False,True,False,False,True
Lyon,PCT 5 LESTER,0,1,0,0,0,0,8,0,8,0,6,0,0,0,0,0,0,0,0,0,12,0,11.0,0,0.0,0,0,0,0,0.0,0.0,0.0,0,0.0,0.1,0,0.1,0.0,0.0,0.0,0.0,0.0,False,False,False,True,False,False,True
Lyon,PCT 6 LITTLE ROCK,0,0,0,0,0,0,0,0,4,0,0,0,0,0,0,0,0,0,0,0,0,0,4.0,0,0.0,0,0,0,0,0.0,0.0,0.0,0,0.0,0.0,0,0.1,0.0,0.0,0.0,0.0,0.0,False,False,False,True,False,False,True
Lyon,PCT 8 ROCK RAPIDS,0,6,0,10,0,0,10,0,7,0,6,0,0,0,0,6,0,10,0,0,10,0,7.0,0,6.0,0,0,0,0,0.1,0.0,0.2,0,0.0,0.2,0,0.1,0.0,0.0,0.0,0.0,0.0,False,False,False,True,False,False,True
Madison,Grand River-Monroe-Webster,0,5,0,3,0,0,0,0,2,0,2,0,0,0,0,5,0,3,0,0,0,0,2.0,0,2.0,0,0,0,0,0.12,0.0,0.12,0,0.0,0.0,0,0.0,0.0,0.12,0.0,0.0,0.0,False,False,False,True,False,False,True
Madison,Jefferson-Lee,0,17,0,23,0,1,15,0,15,1,13,2,1,3,0,17,0,24,0,0,16,0,16.0,0,15.0,0,0,3,0,0.24,0.0,0.24,0,0.0,0.12,0,0.12,0.0,0.12,0.0,0.0,0.0,False,False,False,True,False,False,True
Madison,South,1,17,0,17,0,0,13,0,11,3,14,0,0,0,0,18,0,18,0,0,13,0,12.0,0,15.0,0,0,0,0,0.24,0.0,0.24,0,0.0,0.12,0,0.12,0.0,0.12,0.0,0.0,0.0,False,False,False,True,False,False,True
Mahaska,GARFIELD-LINCOLN-MADISON,0,7,0,11,0,0,2,0,6,0,4,2,0,0,0,8,0,11,0,0,0,0,8.0,0,5.0,0,0,0,0,0.16,0.0,0.16,0,0.0,0.0,0,0.16,0.0,0.0,0.0,0.0,0.0,False,False,False,True,False,False,True
Mahaska,SPRING CREEK,0,8,0,16,0,0,0,0,11,0,6,6,0,0,0,9,0,16,0,0,0,0,11.0,0,0.0,0,0,0,0,0.16,0.0,0.16,0,0.0,0.0,0,0.16,0.0,0.0,0.0,0.0,0.0,False,False,False,True,False,False,True
Marshall,BANGOR/LISCOMB,0,8,0,5,0,0,4,0,5,1,5,0,0,0,0,9,0,12,0,0,0,0,7.0,0,0.0,0,0,0,0,0.16,0.0,0.16,0,0.0,0.0,0,0.16,0.0,0.0,0.0,0.0,0.0,False,False,False,True,False,False,True
Marshall,GREEN CASTLE,0,4,0,7,0,0,2,0,6,0,5,3,0,0,0,0,0,11,0,0,8,0,8.0,0,0.0,0,0,0,0,0.0,0.0,0.16,0,0.0,0.16,0,0.16,0.0,0.0,0.0,0.0,0.0,False,False,False,True,False,False,True
Marshall,JEFFERSON,0,7,0,10,0,0,4,0,6,0,2,0,0,1,0,8,0,14,0,0,0,0,6.0,0,1.0,0,0,1,0,0.16,0.0,0.16,0,0.0,0.0,0,0.16,0.0,0.0,0.0,0.0,0.0,False,False,False,True,False,False,True
Mills,Pacific Junction/Lyons/Platville,0,2,0,6,0,0,0,0,3,1,0,0,0,0,0,3,0,6,0,0,0,0,3.0,0,0.0,0,0,0,0,0.1556,0.0,0.1556,0,0.0,0.0,0,0.1556,0.0,0.0,0.0,0.0,0.0,False,True,False,False,False,False,True
Monona,CASTANA CENTER JORDAN,0,0,0,3,0,0,3,0,2,0,5,0,0,0,0,0,0,3,0,0,3,0,2.0,0,5.0,0,0,0,0,0.0,0.0,0.05,0,0.0,0.05,0,0.05,0.0,0.05,0.0,0.0,0.0,False,False,False,True,False,False,True
Monona,ST CLAIR UTE,0,0,0,3,0,0,3,0,2,0,3,0,0,0,0,0,0,3,0,0,3,0,2.0,0,3.0,0,0,0,0,0.0,0.0,0.05,0,0.0,0.05,0,0.05,0.0,0.05,0.0,0.0,0.0,False,False,False,True,False,False,True
Montgomery,WARD2 SHERMAN RO TWP,0,11,2,15,0,0,2,0,16,2,0,0,0,0,0,11,0,19,0,0,0,0,18.0,0,0.0,0,0,0,0,0.16,0.0,0.32,0,0.0,0.0,0,0.32,0.0,0.0,0.0,0.0,0.0,False,False,False,True,False,False,True
Muscatine,Fruitland Two/Lake-Fruitl,0,0,0,13,0,0,6,0,0,0,5,0,0,0,0,0,0,16,0,0,7,0,0.0,0,7.0,0,0,0,0,0.0,0.0,0.1667,0,0.0,0.1667,0,0.0,0.0,0.1667,0.0,0.0,0.0,False,False,False,True,False,False,True
Muscatine,Muscatine 03rd,0,15,0,13,0,1,6,0,30,1,9,6,0,0,0,17,0,15,0,1,0,0,33.0,0,15.0,0,0,0,0,0.3333,0.0,0.1667,0,0.0,0.0,0,0.5,0.0,0.1667,0.0,0.0,0.0,False,False,False,True,False,False,True
Muscatine,Muscatine 07th,0,11,0,10,0,0,2,0,27,0,10,1,0,0,0,13,0,10,0,0,0,0,27.0,0,10.0,0,0,0,0,0.3333,0.0,0.1667,0,0.0,0.0,0,0.5,0.0,0.1667,0.0,0.0,0.0,False,False,False,True,False,False,True
Muscatine,Pike-City,0,8,0,8,0,0,0,0,7,0,0,0,0,0,0,8,0,9,0,0,0,0,0.0,0,0.0,0,0,6,0,0.1667,0.0,0.1667,0,0.0,0.0,0,0.0,0.0,0.0,0.0,0.0,0.0,False,False,False,True,False,False,True
Muscatine,Seventy-Six/Cedar-Seventy,0,3,0,6,0,0,6,0,0,3,7,0,1,1,0,0,0,11,0,0,7,0,0.0,0,8.0,0,0,0,0,0.0,0.0,0.1667,0,0.0,0.1667,0,0.0,0.0,0.1667,0.0,0.0,0.0,False,False,False,True,False,False,True
Osceola,Ashton Precinct 0100,0,4,0,2,0,0,1,0,0,0,1,0,0,0,0,4,0,2,0,0,2,0,0.0,0,0.0,0,0,0,0,0.1,0.0,0.1,0,0.0,0.1,0,0.0,0.0,0.0,0.0,0.0,0.0,False,False,False,True,False,False,True
Osceola,Melvin Precinct 0400,0,0,0,0,0,0,2,0,2,0,0,0,0,0,0,0,0,0,0,0,2,0,2.0,0,0.0,0,0,0,0,0.0,0.0,0.0,0,0.0,0.1,0,0.1,0.0,0.0,0.0,0.0,0.0,False,False,False,True,False,False,True
Out of State Satellite,"Tbilisi, Republic of Georgia - Home of Joshua Kucera",0,0,0,0,0,0,0,0,3,0,0,0,0,0,0,0,0,0,0,0,0,0,3.0,0,0.0,0,0,0,0,0.0,0.0,0.0,0,0.0,0.0,0,0.0101,0.0,0.0,0.0,0.0,0.0,True,True,True,False,False,False,True
Plymouth,Plymouth 05/Rm,0,13,0,7,0,0,4,0,9,0,0,0,0,0,0,15,0,9,0,0,0,0,9.0,0,0.0,0,0,0,0,0.225,0.0,0.225,0,0.0,0.0,0,0.225,0.0,0.0,0.0,0.0,0.0,False,False,False,True,False,False,True
Plymouth,Plymouth 07/Mr,0,13,0,5,0,0,3,0,13,0,3,0,0,0,0,13,0,8,0,0,0,0,13.0,0,0.0,0,0,3,0,0.225,0.0,0.225,0,0.0,0.0,0,0.225,0.0,0.0,0.0,0.0,0.0,False,False,False,True,False,False,True
Plymouth,Plymouth 10/Kl,0,8,0,8,0,0,2,0,7,0,0,1,0,2,0,8,0,11,0,0,0,0,7.0,0,0.0,0,0,2,0,0.225,0.0,0.225,0,0.0,0.0,0,0.225,0.0,0.0,0.0,0.0,0.0,False,False,False,True,False,False,True
Polk,ANKENY-06,0,40,3,49,0,4,39,0,36,14,40,13,0,0,0,46,0,61,0,0,46,0,41.0,0,43.0,0,0,1,0,0.5596,0.0,0.5596,0,0.0,0.5596,0,0.5596,0.0,0.5596,0.0,0.0,0.0,False,False,False,True,False,False,True
Polk,ANKENY-07,0,30,2,50,0,0,10,0,41,7,34,16,0,3,0,33,0,71,0,0,0,0,45.0,0,38.0,0,0,6,0,0.2798,0.0,0.8394,0,0.0,0.0,0,0.5596,0.0,0.5596,0.0,0.0,0.0,False,False,False,True,False,False,True
Polk,ANKENY-08,2,11,0,58,0,0,41,0,42,0,52,21,0,0,0,0,0,69,0,0,50,0,51.0,0,55.0,0,0,0,0,0.0,0.0,0.8394,0,0.0,0.5596,0,0.5596,0.0,0.8394,0.0,0.0,0.0,False,False,False,True,False,False,True
Polk,ANKENY-10,0,32,0,57,0,2,29,0,41,1,35,10,0,2,0,35,0,83,0,0,0,0,44.0,0,45.0,0,0,0,0,0.2798,0.0,0.8394,0,0.0,0.0,0,0.5596,0.0,0.5596,0.0,0.0,0.0,False,False,False,True,False,False,True
Polk,ANKENY-11,0,33,0,34,0,0,19,0,61,0,42,3,3,0,0,42,0,38,0,0,0,0,61.0,0,52.0,0,0,2,0,0.5596,0.0,0.5596,0,0.0,0.0,0,0.8394,0.0,0.5596,0.0,0.0,0.0,False,False,False,True,False,False,True
Polk,ANKENY-15,0,35,1,66,0,0,13,0,49,0,34,28,0,0,0,40,0,86,0,0,0,0,55.0,0,43.0,0,0,1,0,0.5596,0.0,0.8394,0,0.0,0.0,0,0.5596,0.0,0.5596,0.0,0.0,0.0,False,False,False,True,False,False,True
Polk,CLAY-01,0,14,0,16,0,0,17,0,12,0,13,0,0,0,0,18,0,24,0,0,22,0,0.0,0,0.0,0,0,0,0,0.2798,0.0,0.2798,0,0.0,0.2798,0,0.0,0.0,0.0,0.0,0.0,0.0,False,False,False,True,False,False,True
Polk,CLIVE-01,0,29,0,23,0,2,9,0,38,2,24,8,0,2,0,31,0,32,0,0,0,0,42.0,0,32.0,0,0,0,0,0.2798,0.0,0.5596,0,0.0,0.0,0,0.5596,0.0,0.2798,0.0,0.0,0.0,False,False,False,True,False,False,True
Polk,CLIVE-02,0,42,0,48,0,0,41,0,62,7,44,10,0,1,0,42,0,58,0,0,45,0,64.0,0,45.0,0,0,1,0,0.2798,0.0,0.5596,0,0.0,0.5596,0,0.5596,0.0,0.5596,0.0,0.0,0.0,False,False,False,True,False,False,True
Polk,CLIVE-03,1,57,1,86,0,1,67,0,51,4,63,22,0,0,0,59,0,90,0,0,70,0,61.0,0,70.0,0,0,0,0,0.5596,0.0,0.8394,0,0.0,0.5596,0,0.5596,0.0,0.5596,0.0,0.0,0.0,False,False,False,True,False,False,True
Polk,CLIVE-04,0,72,0,86,0,1,97,0,25,0,64,19,0,1,0,74,0,94,0,0,103,0,0.0,0,76.0,0,0,0,0,0.5596,0.0,0.8394,0,0.0,0.8394,0,0.0,0.0,0.5596,0.0,0.0,0.0,False,False,False,True,False,False,True
Polk,CROCKER-02,2,20,1,29,0,0,32,0,13,0,24,10,0,1,0,0,0,30,0,0,33,0,23.0,0,25.0,0,0,0,0,0.0,0.0,0.2798,0,0.0,0.2798,0,0.2798,0.0,0.2798,0.0,0.0,0.0,False,False,False,True,False,False,True
Polk,DELAWARE-02,0,2,0,1,0,0,1,0,5,0,4,0,0,0,0,0,0,0,0,0,0,0,6.0,0,7.0,0,0,0,0,0.0,0.0,0.0,0,0.0,0.0,0,0.2798,0.0,0.2798,0.0,0.0,0.0,False,False,False,True,False,False,True
Polk,DES MOINES-01,0,17,0,14,0,0,4,0,15,1,11,3,0,0,0,20,0,16,0,0,0,0,17.0,0,12.0,0,0,0,0,0.2798,0.0,0.2798,0,0.0,0.0,0,0.2798,0.0,0.2798,0.0,0.0,0.0,False,False,False,True,False,False,True
Polk,DES MOINES-03,0,31,0,40,0,0,0,0,49,0,27,5,0,0,0,32,0,40,0,0,0,0,51.0,0,29.0,0,0,0,0,0.5596,0.0,0.5596,0,0.0,0.0,0,0.8394,0.0,0.5596,0.0,0.0,0.0,False,False,False,True,False,False,True
Polk,DES MOINES-04,1,11,0,10,0,0,5,0,13,0,7,4,0,0,0,11,0,12,0,0,0,0,16.0,0,8.0,0,0,0,0,0.2798,0.0,0.5596,0,0.0,0.0,0,0.5596,0.0,0.2798,0.0,0.0,0.0,False,False,False,True,False,False,True
Polk,DES MOINES-05,0,0,0,13,0,0,8,0,32,2,11,6,0,0,0,0,0,15,0,0,12,0,35.0,0,12.0,0,0,0,0,0.0,0.0,0.2798,0,0.0,0.2798,0,0.2798,0.0,0.2798,0.0,0.0,0.0,False,False,False,True,False,False,True
Polk,DES MOINES-06,0,2,0,17,0,0,6,0,35,9,15,8,0,0,0,0,0,20,0,0,0,0,43.0,0,19.0,0,0,0,0,0.0,0.0,0.2798,0,0.0,0.0,0,0.8394,0.0,0.2798,0.0,0.0,0.0,False,False,False,True,False,False,True
Polk,DES MOINES-07,0,0,0,47,0,0,0,0,91,0,41,0,0,0,0,0,0,53,0,0,0,0,96.0,0,49.0,0,0,0,0,0.0,0.0,0.8394,0,0.0,0.0,0,1.1192,0.0,0.5596,0.0,0.0,0.0,False,False,False,True,False,False,True
Polk,DES MOINES-10,0,48,2,60,0,0,51,0,61,11,58,17,0,1,0,51,0,72,0,0,53,0,67.0,0,64.0,0,0,0,0,0.5596,0.0,0.5596,0,0.0,0.5596,0,0.5596,0.0,0.5596,0.0,0.0,0.0,False,False,False,True,False,False,True
Polk,DES MOINES-13,0,19,0,32,0,2,17,0,44,0,33,7,0,1,0,25,0,38,0,0,0,0,49.0,0,38.0,0,0,5,0,0.2798,0.0,0.5596,0,0.0,0.0,0,0.5596,0.0,0.2798,0.0,0.0,0.0,False,False,False,True,False,False,True
Polk,DES MOINES-14,0,20,0,39,0,0,13,0,46,3,27,9,0,4,0,25,0,52,0,0,0,0,50.0,0,31.0,0,0,0,0,0.2798,0.0,0.5596,0,0.0,0.0,0,0.2798,0.0,0.5596,0.0,0.0,0.0,False,False,False,True,False,False,True
Polk,DES MOINES-19,0,3,0,19,0,0,0,0,47,0,25,5,0,0,0,0,0,22,0,0,0,0,51.0,0,25.0,0,0,1,0,0.0,0.0,0.2798,0,0.0,0.0,0,0.5596,0.0,0.2798,0.0,0.0,0.0,False,False,False,True,False,False,True
Polk,DES MOINES-21,0,32,0,30,0,0,1,0,60,5,40,12,0,2,0,34,0,35,0,0,0,0,65.0,0,44.0,0,0,0,0,0.5596,0.0,0.5596,0,0.0,0.0,0,0.8394,0.0,0.5596,0.0,0.0,0.0,False,False,False,True,False,False,True
Polk,DES MOINES-24,0,15,0,16,1,0,8,0,21,0,3,1,0,4,0,15,0,18,0,0,12,0,24.0,0,0.0,0,0,0,0,0.2798,0.0,0.2798,0,0.0,0.2798,0,0.2798,0.0,0.0,0.0,0.0,0.0,False,False,False,True,False,False,True
Polk,DES MOINES-30,1,11,0,13,0,1,0,0,35,0,12,2,0,0,0,12,0,13,0,0,0,0,37.0,0,12.0,0,0,1,0,0.2798,0.0,0.2798,0,0.0,0.0,0,0.8394,0.0,0.2798,0.0,0.0,0.0,False,False,False,True,False,False,True
Polk,DES MOINES-31,0,18,0,14,0,0,6,0,45,5,18,5,1,2,0,24,0,19,0,1,0,0,47.0,0,19.0,2,0,2,0,0.5596,0.0,0.2798,0,0.0,0.0,0,0.8394,0.0,0.2798,0.0,0.0,0.0,False,False,False,True,False,False,True
Polk,DES MOINES-47,1,22,0,71,0,1,26,1,107,3,104,24,3,3,0,0,0,107,0,0,0,0,113.0,0,131.0,0,0,0,0,0.0,0.0,0.5596,0,0.0,0.0,0,0.8394,0.0,0.8394,0.0,0.0,0.0,False,False,False,True,False,False,True
Polk,DES MOINES-48,0,1,1,6,0,0,2,0,15,0,8,5,0,0,0,0,0,0,0,0,0,0,17.0,0,13.0,0,0,0,0,0.0,0.0,0.0,0,0.0,0.0,0,0.2798,0.0,0.2798,0.0,0.0,0.0,False,False,False,True,False,False,True
Polk,DES MOINES-53,0,13,0,13,0,0,2,0,19,0,10,2,0,1,0,15,0,15,0,0,0,0,20.0,0,10.0,0,0,0,0,0.2798,0.0,0.2798,0,0.0,0.0,0,0.2798,0.0,0.2798,0.0,0.0,0.0,False,False,False,True,False,False,True
Polk,DES MOINES-54,0,18,0,17,0,0,5,0,70,4,25,16,0,0,0,0,0,28,0,0,0,0,73.0,0,29.0,0,0,0,0,0.0,0.0,0.2798,0,0.0,0.0,0,0.5596,0.0,0.2798,0.0,0.0,0.0,False,False,False,True,False,False,True
Polk,DES MOINES-57,0,24,0,58,0,0,25,0,140,2,107,24,4,1,0,0,0,88,0,0,0,0,148.0,0,138.0,0,0,0,0,0.0,0.0,0.5596,0,0.0,0.0,0,0.8394,0.0,0.8394,0.0,0.0,0.0,False,False,False,True,False,False,True
Polk,DES MOINES-60,0,51,1,95,0,0,67,0,99,14,104,31,0,0,0,0,0,113,0,0,92,0,109.0,0,129.0,0,0,0,0,0.0,0.0,0.8394,0,0.0,0.5596,0,0.5596,0.0,0.8394,0.0,0.0,0.0,False,False,False,True,False,False,True
Polk,DES MOINES-61,2,67,6,89,0,0,109,0,58,9,78,16,0,4,0,75,0,104,0,0,121,0,0.0,0,83.0,0,0,0,0,0.5596,0.0,0.8394,0,0.0,0.8394,0,0.0,0.0,0.5596,0.0,0.0,0.0,False,False,False,True,False,False,True
Polk,DES MOINES-63,0,70,1,117,0,0,78,0,80,19,87,9,0,3,0,71,0,124,0,0,81,0,83.0,0,96.0,0,0,0,0,0.5596,0.0,0.8394,0,0.0,0.5596,0,0.5596,0.0,0.5596,0.0,0.0,0.0,False,False,False,True,False,False,True
Polk,DES MOINES-65,0,59,0,88,0,0,33,0,85,17,71,15,0,1,0,74,0,109,0,0,0,0,89.0,0,92.0,0,0,0,0,0.5596,0.0,0.8394,0,0.0,0.0,0,0.8394,0.0,0.8394,0.0,0.0,0.0,False,False,False,True,False,False,True
Polk,DES MOINES-67,0,3,0,9,0,0,7,0,16,0,6,6,0,0,0,0,0,19,0,0,0,0,25.0,0,0.0,0,0,0,0,0.0,0.0,0.2798,0,0.0,0.0,0,0.2798,0.0,0.0,0.0,0.0,0.0,False,False,False,True,False,False,True
Polk,DES MOINES-68,0,11,0,20,0,0,2,0,41,1,15,3,0,0,0,0,0,22,0,0,0,0,45.0,0,18.0,0,0,0,0,0.0,0.0,0.2798,0,0.0,0.0,0,0.8394,0.0,0.2798,0.0,0.0,0.0,False,False,False,True,False,False,True
Polk,DES MOINES-69,0,28,0,33,0,0,12,0,52,0,22,6,0,2,0,33,0,50,0,0,0,0,74.0,0,0.0,0,0,0,0,0.5596,0.0,0.5596,0,0.0,0.0,0,1.1192,0.0,0.0,0.0,0.0,0.0,False,False,False,True,False,False,True
Polk,DES MOINES-73,0,31,0,66,0,0,23,0,92,5,34,10,0,5,0,0,0,66,0,0,0,0,92.0,0,45.0,0,0,0,0,0.0,0.0,0.8394,0,0.0,0.0,0,1.1192,0.0,0.5596,0.0,0.0,0.0,False,False,False,True,False,False,True
Polk,DES MOINES-74,0,13,0,16,0,0,12,0,21,0,12,1,0,0,0,17,0,17,0,0,16,0,25.0,0,0.0,0,0,0,0,0.2798,0.0,0.2798,0,0.0,0.2798,0,0.2798,0.0,0.0,0.0,0.0,0.0,False,False,False,True,False,False,True
Polk,DES MOINES-75,1,28,0,17,0,0,0,0,49,3,16,4,0,2,0,31,0,18,0,0,0,0,50.0,0,20.0,0,0,1,0,0.5596,0.0,0.2798,0,0.0,0.0,0,0.8394,0.0,0.2798,0.0,0.0,0.0,False,False,False,True,False,False,True
Polk,DES MOINES-77,0,18,0,18,0,0,5,0,50,0,17,2,0,0,0,20,0,21,0,0,0,0,50.0,0,18.0,0,0,0,0,0.2798,0.0,0.2798,0,0.0,0.0,0,0.8394,0.0,0.2798,0.0,0.0,0.0,False,False,False,True,False,False,True
Polk,DES MOINES-80,0,0,0,0,0,0,0,0,0,0,0,0,0,0,0,48,0,66,0,0,0,0,101.0,0,0.0,0,0,0,0,0.5596,0.0,1.1192,0,0.0,0.0,0,1.1192,0.0,0.0,0.0,0.0,0.0,True,False,False,False,False,False,True
Polk,DES MOINES-83,0,20,0,16,0,0,0,0,36,1,11,5,0,0,0,23,0,19,0,0,0,0,39.0,0,0.0,0,0,0,0,0.5596,0.0,0.5596,0,0.0,0.0,0,1.1192,0.0,0.0,0.0,0.0,0.0,False,False,False,True,False,False,True
Polk,DES MOINES-84,0,4,0,10,0,1,7,0,27,0,6,4,0,0,0,0,0,11,0,0,9,0,29.0,0,9.0,0,0,0,0,0.0,0.0,0.2798,0,0.0,0.2798,0,0.5596,0.0,0.2798,0.0,0.0,0.0,False,False,False,True,False,False,True
Polk,ELKHART-01,0,15,1,26,0,0,15,0,14,2,15,4,14,0,0,15,0,27,0,0,18,0,14.0,0,17.0,0,14,0,0,0.2798,0.0,0.2798,0,0.0,0.2798,0,0.0,0.0,0.2798,0.0,0.0,0.0,False,False,False,True,False,False,True
Polk,FOUR MILE-01,0,24,0,25,0,0,19,0,18,1,19,0,0,0,0,24,0,25,0,0,19,0,18.0,1,19.0,0,0,0,0,0.2798,0.0,0.5596,0,0.0,0.2798,0,0.2798,0.0,0.2798,0.0,0.0,0.0,False,False,False,True,False,False,True
Polk,FRANKLIN-01,0,26,0,22,0,1,27,0,4,6,17,0,0,1,0,28,0,24,0,0,30,0,0.0,0,19.0,0,0,0,0,0.2798,0.0,0.2798,0,0.0,0.2798,0,0.0,0.0,0.2798,0.0,0.0,0.0,False,False,False,True,False,False,True
Polk,GRANGER-01,0,2,0,9,0,0,0,0,0,0,8,0,0,0,0,2,0,9,0,0,0,0,0.0,0,8.0,0,0,0,0,0.0,0.0,0.2798,0,0.0,0.0,0,0.0,0.0,0.0,0.0,0.0,0.0,False,False,False,True,False,False,True
Polk,GRIMES-03,0,24,0,43,0,0,25,0,23,0,35,8,0,1,0,25,0,45,0,0,26,0,25.0,0,36.0,0,0,2,0,0.2798,0.0,0.5596,0,0.0,0.2798,0,0.2798,0.0,0.5596,0.0,0.0,0.0,False,False,False,True,False,False,True
Polk,MADISON-01,0,3,0,4,0,0,3,0,1,0,2,0,0,0,0,0,0,4,0,0,8,0,0.0,0,0.0,0,0,1,0,0.0,0.0,0.0,0,0.0,0.2798,0,0.0,0.0,0.0,0.0,0.0,0.0,False,False,False,True,False,False,True
Polk,PLEASANT HILL-01,0,32,0,35,0,0,22,0,49,9,37,5,0,0,0,43,0,42,0,0,0,0,53.0,0,44.0,0,0,0,0,0.5596,0.0,0.5596,0,0.0,0.0,0,0.8394,0.0,0.5596,0.0,0.0,0.0,False,False,False,True,False,False,True
Polk,PLEASANT HILL-03,0,35,0,48,0,0,32,0,35,2,26,7,0,3,0,35,0,51,0,0,35,0,36.0,0,30.0,0,0,0,0,0.5596,0.0,0.5596,0,0.0,0.5596,0,0.5596,0.0,0.2798,0.0,0.0,0.0,False,False,False,True,False,False,True
Polk,SHELDAHL-01,0,0,0,4,0,0,8,0,0,0,0,0,0,0,0,0,0,4,0,0,8,0,0.0,0,0.0,0,0,0,0,0.0,0.0,0.0,0,0.0,0.2798,0,0.0,0.0,0.0,0.0,0.0,0.0,False,False,False,True,False,False,True
Polk,URBANDALE-01,0,37,0,49,0,0,36,0,59,0,38,18,0,0,0,37,0,53,0,0,38,0,61.0,0,40.0,0,0,0,0,0.2798,0.0,0.5596,0,0.0,0.5596,0,0.5596,0.0,0.5596,0.0,0.0,0.0,False,False,False,True,False,False,True
Polk,URBANDALE-03,0,0,0,67,0,0,49,0,67,0,65,0,0,0,0,0,0,83,0,0,62,0,79.0,0,81.0,0,0,0,0,0.0,0.0,0.8394,0,0.0,0.5596,0,0.5596,0.0,0.8394,0.0,0.0,0.0,False,False,False,True,False,False,True
Polk,URBANDALE-04,0,48,0,72,0,0,45,0,26,7,44,6,0,0,0,52,0,83,0,0,50,0,0.0,0,61.0,0,0,0,0,0.5596,0.0,0.8394,0,0.0,0.5596,0,0.0,0.0,0.5596,0.0,0.0,0.0,False,False,False,True,False,False,True
Polk,URBANDALE-05,0,48,0,63,0,0,37,0,60,5,43,19,0,0,0,48,0,69,0,0,48,0,67.0,0,43.0,0,0,0,0,0.5596,0.0,0.5596,0,0.0,0.5596,0,0.5596,0.0,0.5596,0.0,0.0,0.0,False,False,False,True,False,False,True
Polk,URBANDALE-06,0,51,0,66,0,2,48,0,60,4,48,16,0,0,0,53,0,73,0,0,52,0,63.0,0,52.0,0,0,2,0,0.5596,0.0,0.8394,0,0.0,0.5596,0,0.5596,0.0,0.5596,0.0,0.0,0.0,False,False,False,True,False,False,True
Polk,URBANDALE-07,0,55,0,75,0,0,64,0,45,16,59,15,0,1,0,57,0,80,0,0,76,0,50.0,0,64.0,0,0,3,0,0.5596,0.0,0.8394,0,0.0,0.5596,0,0.5596,0.0,0.5596,0.0,0.0,0.0,False,False,False,True,False,False,True
Polk,URBANDALE-08,0,42,0,50,0,0,41,0,50,3,43,26,0,0,0,42,0,59,0,0,44,0,58.0,0,46.0,0,0,0,0,0.5596,0.0,0.5596,0,0.0,0.5596,0,0.5596,0.0,0.5596,0.0,0.0,0.0,False,False,False,True,False,False,True
Polk,URBANDALE-09,2,48,0,60,0,1,35,0,81,12,65,3,4,1,0,58,0,84,0,0,0,0,84.0,0,79.0,0,7,0,0,0.5596,0.0,0.8394,0,0.0,0.0,0,0.8394,0.0,0.8394,0.0,0.0,0.0,False,False,False,True,False,False,True
Polk,URBANDALE-11,0,50,1,58,0,0,59,0,25,12,37,16,2,0,0,61,0,65,0,0,65,0,0.0,0,53.0,0,0,0,0,0.5596,0.0,0.8394,0,0.0,0.5596,0,0.0,0.0,0.5596,0.0,0.0,0.0,False,False,False,True,False,False,True
Polk,WASHINGTON-01,0,0,0,5,0,0,0,0,2,1,11,2,0,0,0,0,0,5,0,0,0,0,2.0,1,0.0,2,0,0,0,0.0,0.0,0.2798,0,0.0,0.0,0,0.0,0.0,0.0,0.0,0.0,0.0,False,False,False,True,False,False,True
Polk,WDM-111,0,20,0,40,0,0,17,0,71,3,50,12,0,1,0,0,0,57,0,0,0,0,75.0,0,63.0,0,0,0,0,0.0,0.0,0.5596,0,0.0,0.0,0,0.8394,0.0,0.8394,0.0,0.0,0.0,False,False,False,True,False,False,True
Polk,WDM-112,0,18,0,28,0,0,21,0,34,0,28,0,0,0,0,0,0,33,0,0,24,0,36.0,0,32.0,0,0,0,0,0.0,0.0,0.2798,0,0.0,0.2798,0,0.5596,0.0,0.2798,0.0,0.0,0.0,False,False,False,True,False,False,True
Polk,WDM-116,1,45,2,51,0,0,50,0,79,8,48,5,0,0,0,49,0,57,0,0,54,0,81.0,0,48.0,0,0,0,0,0.5596,0.0,0.5596,0,0.0,0.5596,0,0.5596,0.0,0.2798,0.0,0.0,0.0,False,False,False,True,False,False,True
Polk,WDM-118,1,26,0,36,0,3,16,0,63,3,42,20,0,0,0,37,0,50,0,0,0,0,66.0,0,53.0,0,0,0,0,0.5596,0.0,0.5596,0,0.0,0.0,0,0.8394,0.0,0.5596,0.0,0.0,0.0,False,False,False,True,False,False,True
Polk,WDM-213,0,28,2,52,0,0,28,0,32,0,34,0,0,0,0,33,0,55,0,0,32,0,34.0,0,34.0,0,0,0,0,0.2798,0.0,0.5596,0,0.0,0.2798,0,0.2798,0.0,0.2798,0.0,0.0,0.0,False,False,False,True,False,False,True
Polk,WDM-313,1,26,0,36,0,0,22,0,23,0,28,4,0,8,0,32,0,41,0,0,26,0,0.0,0,34.0,0,0,0,0,0.2798,0.0,0.2798,0,0.0,0.2798,0,0.0,0.0,0.2798,0.0,0.0,0.0,False,False,False,True,False,False,True
Polk,WDM-317,0,75,0,85,0,0,59,0,25,11,57,20,0,0,0,91,0,93,0,0,63,0,0.0,0,77.0,0,0,0,0,0.5596,0.0,0.8394,0,0.0,0.5596,0,0.0,0.0,0.5596,0.0,0.0,0.0,False,False,False,True,False,False,True
Polk,WDM-318,0,21,0,21,0,0,19,0,0,0,0,0,0,0,0,27,0,25,0,0,22,0,0.0,0,0.0,0,0,0,0,0.2798,0.0,0.2798,0,0.0,0.2798,0,0.0,0.0,0.0,0.0,0.0,0.0,False,False,False,True,False,False,True
Polk,WEBSTER-01,0,11,0,12,0,0,1,0,12,0,4,2,0,0,0,0,0,17,0,0,0,0,13.0,0,0.0,0,0,0,0,0.0,0.0,0.2798,0,0.0,0.0,0,0.2798,0.0,0.0,0.0,0.0,0.0,False,False,False,True,False,False,True
Polk,WINDSOR HEIGHTS-01,0,41,0,47,0,2,26,0,47,2,57,16,0,0,0,51,0,64,0,0,0,0,54.0,0,69.0,0,0,0,0,0.2798,0.0,0.5596,0,0.0,0.0,0,0.2798,0.0,0.5596,0.0,0.0,0.0,False,False,False,True,False,False,True
Polk,WINDSOR HEIGHTS-02,0,39,0,59,0,0,48,0,40,0,57,0,0,0,0,40,0,61,0,0,48,0,43.0,0,62.0,0,0,0,0,0.2798,0.0,0.5596,0,0.0,0.2798,0,0.2798,0.0,0.5596,0.0,0.0,0.0,False,False,False,True,False,False,True
Polk,WINDSOR HEIGHTS-03,0,37,0,53,0,0,12,0,52,2,55,22,0,0,0,40,0,68,0,0,0,0,60.0,0,64.0,0,0,0,0,0.5596,0.0,0.8394,0,0.0,0.0,0,0.5596,0.0,0.5596,0.0,0.0,0.0,False,False,False,True,False,False,True
Pottawattamie,Macedonia,0,2,0,3,0,0,0,0,3,0,0,0,0,1,0,0,0,5,0,0,0,0,2.0,0,1.0,0,0,1,0,0.0,0.0,0.12,0,0.0,0.0,0,0.0,0.0,0.0,0.0,0.0,0.0,False,False,False,True,False,False,True
Ringgold,Athens,0,2,0,3,0,0,3,0,0,0,0,0,0,0,0,3,0,3,0,0,3,0,0.0,0,0.0,0,0,0,0,0.1125,0.0,0.1125,0,0.0,0.1125,0,0.0,0.0,0.0,0.0,0.0,0.0,False,False,False,True,False,False,True
Ringgold,Union,0,6,0,5,0,0,7,0,0,0,0,0,0,0,0,6,0,5,0,0,7,0,0.0,0,0.0,0,0,0,0,0.1125,0.0,0.1125,0,0.0,0.1125,0,0.0,0.0,0.0,0.0,0.0,0.0,False,False,False,True,False,False,True
Sac,Nemaha,0,0,0,1,0,0,1,0,2,0,1,0,0,0,0,0,0,2,0,0,0,0,3.0,0,0.0,0,0,0,0,0.0,0.0,0.0667,0,0.0,0.0,0,0.0667,0.0,0.0,0.0,0.0,0.0,False,True,False,False,False,False,True
Scott,(AG) Allen's Grove Township,0,3,0,12,0,0,1,0,10,0,2,1,0,0,0,3,0,12,0,0,1,0,10.0,0,2.0,1,0,0,0,0.0,0.0,0.4133,0,0.0,0.0,0,0.0,0.0,0.0,0.0,0.0,0.0,False,False,False,True,False,False,True
Scott,(B12) City of Bettendorf,0,36,0,26,0,1,0,0,59,6,31,7,1,0,0,38,0,32,0,0,0,0,63.0,0,34.0,0,0,0,0,0.8267,0.0,0.4133,0,0.0,0.0,0,0.8267,0.0,0.4133,0.0,0.0,0.0,False,False,False,True,False,False,True
Scott,(B21) City of Bettendorf,0,0,0,24,0,0,18,0,22,12,14,4,0,0,0,0,0,28,0,0,21,0,22.0,0,21.0,0,0,0,0,0.0,0.0,0.4133,0,0.0,0.4133,0,0.4133,0.0,0.4133,0.0,0.0,0.0,False,False,False,True,False,False,True
Scott,(B22) City of Bettendorf,0,31,1,39,0,1,25,0,38,3,30,2,0,0,0,31,0,42,0,0,26,0,40.0,0,30.0,1,0,0,0,0.4133,0.0,0.8267,0,0.0,0.4133,0,0.4133,0.0,0.4133,0.0,0.0,0.0,False,False,False,True,False,False,True
Scott,(B23) City of Bettendorf,0,4,0,3,0,0,8,0,6,4,7,0,0,0,0,4,0,3,0,0,8,0,6.0,4,7.0,2,0,0,0,0.0,0.0,0.0,0,0.0,0.4133,0,0.0,0.0,0.0,0.0,0.0,0.0,False,False,False,True,False,False,True
Scott,(B52) City of Bettendorf,0,72,2,87,0,0,69,0,65,5,36,15,0,5,0,79,0,111,0,0,80,0,81.0,0,0.0,0,0,0,0,0.8267,0.0,1.24,0,0.0,0.8267,0,1.24,0.0,0.0,0.0,0.0,0.0,True,True,True,True,True,True,True
Scott,(BG) Blue Grass Township,0,18,0,18,0,0,0,0,40,0,18,0,0,0,0,18,0,18,0,0,0,0,40.0,0,18.0,0,0,0,0,0.4133,0.0,0.4133,0,0.0,0.0,0,0.8267,0.0,0.4133,0.0,0.0,0.0,True,True,True,True,True,True,True
Scott,(D21) City of Davenport,0,22,0,20,0,0,0,0,28,1,22,12,0,3,0,24,0,23,0,0,0,0,31.0,0,25.0,0,0,5,0,0.4133,0.0,0.4133,0,0.0,0.0,0,0.8267,0.0,0.8267,0.0,0.0,0.0,False,False,False,True,False,False,True
Scott,(D22) City of Davenport,1,18,0,20,0,0,6,0,34,0,21,0,0,1,0,21,0,23,0,0,0,0,35.0,0,22.0,0,0,0,0,0.4133,0.0,0.4133,0,0.0,0.0,0,0.4133,0.0,0.4133,0.0,0.0,0.0,False,False,False,True,False,False,True
Scott,(D23) City of Davenport,0,23,0,21,0,0,0,0,30,0,17,1,0,0,0,23,0,21,0,0,0,0,31.0,0,17.0,0,0,0,0,0.4133,0.0,0.4133,0,0.0,0.0,0,0.4133,0.0,0.4133,0.0,0.0,0.0,False,False,False,True,False,False,True
Scott,(D31) City of Davenport,0,18,0,18,0,0,0,0,40,0,18,0,0,0,0,18,0,18,0,0,0,0,40.0,0,18.0,0,0,0,0,0.4133,0.0,0.4133,0,0.0,0.0,0,0.8267,0.0,0.4133,0.0,0.0,0.0,True,True,True,True,True,True,True
Scott,(D41) City of Davenport,0,11,0,24,0,0,14,0,56,0,21,9,0,3,0,0,0,37,0,0,0,0,60.0,0,31.0,0,0,7,0,0.0,0.0,0.8267,0,0.0,0.0,0,1.24,0.0,0.8267,0.0,0.0,0.0,False,False,False,True,False,False,True
Scott,(D43) City of Davenport,0,29,1,40,0,0,2,0,53,0,38,10,0,5,0,34,0,42,0,0,0,0,58.0,0,44.0,0,0,0,0,0.4133,0.0,0.4133,0,0.0,0.0,0,0.8267,0.0,0.4133,0.0,0.0,0.0,False,False,False,True,False,False,True
Scott,(D51) City of Davenport,1,27,0,50,0,0,35,0,80,3,65,26,0,0,0,22,0,68,0,0,2,0,93.0,0,88.0,13,0,0,0,0.0,0.0,0.8267,0,0.0,0.0,0,1.24,0.0,0.8267,0.0,0.0,0.0,False,False,False,True,False,False,True
Scott,(D52) City of Davenport,0,72,2,87,0,0,69,0,65,5,36,15,0,5,0,79,0,111,0,0,80,0,81.0,0,0.0,0,0,0,0,0.8267,0.0,1.24,0,0.0,0.8267,0,1.24,0.0,0.0,0.0,0.0,0.0,True,True,True,True,True,True,True
Scott,(D53) City of Davenport,0,36,0,41,0,0,18,0,52,2,44,13,0,0,0,47,0,47,0,0,0,0,55.0,0,50.0,0,0,0,0,0.4133,0.0,0.4133,0,0.0,0.0,0,0.8267,0.0,0.8267,0.0,0.0,0.0,False,False,False,True,False,False,True
Scott,(D54) City of Davenport,0,25,0,16,0,0,10,0,38,1,22,9,0,1,0,28,0,24,0,0,0,0,45.0,0,23.0,0,0,0,0,0.4133,0.0,0.4133,0,0.0,0.0,0,0.8267,0.0,0.4133,0.0,0.0,0.0,False,False,False,True,False,False,True
Scott,(D61) City of Davenport,0,31,0,49,0,0,35,0,23,6,22,10,0,1,0,33,0,53,0,0,45,0,0.0,0,31.0,0,0,0,0,0.4133,0.0,0.8267,0,0.0,0.8267,0,0.0,0.0,0.4133,0.0,0.0,0.0,False,False,False,True,False,False,True
Scott,(D62) City of Davenport,0,39,0,52,0,0,49,0,16,0,37,16,0,0,0,42,0,60,0,0,53,0,15.0,0,37.0,0,0,0,0,0.4133,0.0,0.8267,0,0.0,0.8267,0,0.0,0.0,0.4133,0.0,0.0,0.0,False,False,False,True,False,False,True
Scott,(D63) City of Davenport,0,42,0,16,0,0,35,0,69,0,38,18,0,0,0,48,0,82,0,0,0,0,75.0,0,43.0,0,0,0,0,0.8267,0.0,0.8267,0,0.0,0.0,0,0.8267,0.0,0.4133,0.0,0.0,0.0,False,False,False,True,False,False,True
Scott,(D73) City of Davenport,0,34,0,26,0,0,18,0,39,0,28,1,0,2,0,40,0,31,0,0,0,0,42.0,0,35.0,0,0,0,0,0.8267,0.0,0.4133,0,0.0,0.0,0,0.8267,0.0,0.4133,0.0,0.0,0.0,False,False,False,True,False,False,True
Scott,(D81) City of Davenport,0,19,0,23,0,0,0,0,34,0,24,0,0,0,0,19,0,23,0,0,0,0,34.0,0,24.0,0,0,0,0,0.4133,0.0,0.4133,0,0.0,0.0,0,0.8267,0.0,0.4133,0.0,0.0,0.0,False,False,False,True,False,False,True
Scott,(D82) City of Davenport,0,24,0,25,0,0,9,0,27,0,21,6,0,0,0,29,0,30,0,0,0,0,30.0,0,22.0,0,0,0,0,0.8267,0.0,0.8267,0,0.0,0.0,0,0.8267,0.0,0.4133,0.0,0.0,0.0,False,False,False,True,False,False,True
Scott,(DH) City of Donahue,0,7,0,6,0,0,0,0,1,0,2,2,0,0,0,7,0,6,0,0,0,0,1.0,0,2.0,2,0,0,0,0.0,0.0,0.4133,0,0.0,0.0,0,0.0,0.0,0.0,0.0,0.0,0.0,False,False,False,True,False,False,True
Scott,(EL1) City of Eldridge,0,30,0,38,0,0,19,0,25,4,25,6,0,2,0,33,0,43,0,0,23,0,25.0,0,25.0,0,0,0,0,0.4133,0.0,0.8267,0,0.0,0.4133,0,0.4133,0.0,0.4133,0.0,0.0,0.0,False,False,False,True,False,False,True
Scott,(HG) Hickory Grove Township,0,2,0,10,0,0,4,0,5,2,0,2,0,0,0,2,0,10,0,0,4,0,5.0,2,0.0,2,0,0,0,0.0,0.0,0.4133,0,0.0,0.0,0,0.0,0.0,0.0,0.0,0.0,0.0,False,False,False,True,False,False,True
Scott,(LC1) City of LeClaire,0,13,0,32,0,0,20,0,19,10,30,7,0,1,0,0,0,45,0,0,22,0,22.0,0,31.0,0,0,1,0,0.0,0.0,0.4133,0,0.0,0.4133,0,0.4133,0.0,0.4133,0.0,0.0,0.0,False,False,False,True,False,False,True
Scott,(LC2) City of LeClaire,0,18,2,48,0,0,20,0,24,1,24,7,0,0,0,3,0,54,0,0,31,0,25.0,0,29.0,2,0,0,0,0.0,0.0,0.4133,0,0.0,0.4133,0,0.4133,0.0,0.4133,0.0,0.0,0.0,False,False,False,True,False,False,True
Scott,(LCT) LeClaire Township,0,12,0,25,0,0,23,0,9,3,11,5,0,1,0,0,0,36,0,0,41,0,0.0,0,0.0,0,0,0,0,0.0,0.0,0.4133,0,0.0,0.4133,0,0.0,0.0,0.0,0.0,0.0,0.0,False,False,False,True,False,False,True
Scott,(MC) McCausland,0,3,0,11,0,0,5,0,9,2,11,1,0,0,0,0,0,42,0,0,0,0,0.0,0,0.0,0,0,0,0,0.0,0.0,0.4133,0,0.0,0.0,0,0.0,0.0,0.0,0.0,0.0,0.0,False,False,False,True,False,False,True
Scott,(PKV) Park View,0,17,1,39,0,0,17,0,24,4,20,11,0,0,0,0,0,51,0,0,23,0,25.0,0,23.0,0,0,0,0,0.0,0.0,0.4133,0,0.0,0.4133,0,0.4133,0.0,0.4133,0.0,0.0,0.0,False,False,False,True,False,False,True
Scott,(PR) Princeton Township,0,7,0,18,0,0,18,0,9,0,13,5,0,0,0,0,0,32,0,0,37,0,0.0,0,0.0,0,0,1,0,0.0,0.0,0.4133,0,0.0,0.4133,0,0.0,0.0,0.0,0.0,0.0,0.0,False,False,False,True,False,False,True
Scott,(PV) Pleasant Valley,0,14,0,21,0,0,12,0,6,0,8,4,0,0,0,0,0,24,0,0,23,0,0.0,0,0.0,0,0,0,0,0.0,0.0,0.4133,0,0.0,0.4133,0,0.0,0.0,0.0,0.0,0.0,0.0,False,False,False,True,False,False,True
Scott,(WF) Winfield Township,0,0,0,7,0,0,11,0,1,6,10,0,0,0,0,0,0,7,0,0,11,0,1.0,6,10.0,0,0,0,0,0.0,0.0,0.0,0,0.0,0.4133,0,0.0,0.0,0.0,0.0,0.0,0.0,False,False,False,True,False,False,True
Story,Ames 2-2,0,22,0,33,0,0,51,0,117,9,76,24,0,3,0,0,0,0,0,0,85,0,128.0,0,92.0,0,0,0,0,0.0,0.0,0.0,0,0.0,0.83,0,1.245,0.0,0.83,0.0,0.0,0.0,False,False,False,True,False,False,True
Story,Ames 4-4,0,29,0,58,0,0,60,0,208,0,104,52,0,0,0,0,0,0,0,0,93,0,235.0,0,130.0,0,0,53,0,0.0,0.0,0.0,0,0.0,0.83,0,1.245,0.0,0.83,0.0,0.0,0.0,False,False,False,True,False,False,True
Story,Collins Twp-Collins,0,10,0,16,0,0,0,0,9,1,0,0,0,0,0,10,0,16,0,0,0,0,9.0,1,0.0,0,0,0,0,0.0,0.0,0.415,0,0.0,0.0,0,0.0,0.0,0.0,0.0,0.0,0.0,False,False,False,True,False,False,True
Story,Grant Township,3,1,0,10,0,0,9,0,0,0,4,5,0,0,3,1,0,10,0,0,9,0,0.0,0,4.0,5,0,0,0,0.0,0.0,0.0,0,0.0,0.415,0,0.0,0.0,0.0,0.0,0.0,0.0,True,False,False,True,False,False,True
Story,Howard Twp-Roland,0,19,0,36,0,0,9,0,23,1,19,5,0,0,0,0,0,46,0,0,0,0,24.0,0,23.0,0,0,0,0,0.0,0.0,0.415,0,0.0,0.0,0,0.415,0.0,0.415,0.0,0.0,0.0,False,False,False,True,False,False,True
Story,Lafayette Township,0,3,0,2,0,0,4,0,2,0,0,0,0,0,0,3,0,2,0,0,4,0,2.0,0,0.0,0,0,0,0,0.0,0.0,0.0,0,0.0,0.415,0,0.0,0.0,0.0,0.0,0.0,0.0,False,False,False,True,False,False,True
Story,Milford Township,0,0,0,0,0,0,19,0,16,0,4,0,0,0,0,0,0,0,0,0,19,0,16.0,0,4.0,0,0,0,0,0.0,0.0,0.0,0,0.0,0.415,0,0.0,0.0,0.0,0.0,0.0,0.0,False,False,False,True,False,False,True
Story,Nevada 1,0,16,0,17,0,0,5,0,32,0,17,0,0,0,0,0,0,26,0,0,0,0,33.0,0,24.0,0,0,0,0,0.0,0.0,0.415,0,0.0,0.0,0,0.415,0.0,0.415,0.0,0.0,0.0,False,False,False,True,False,False,True
Story,Nevada 3-Grant Twp 3,0,9,0,29,0,0,14,0,18,4,5,5,0,0,0,0,0,41,0,0,20,0,23.0,0,0.0,0,0,0,0,0.0,0.0,0.415,0,0.0,0.415,0,0.415,0.0,0.0,0.0,0.0,0.0,False,False,False,True,False,False,True
Story,Nevada 4,0,15,0,23,0,0,15,0,20,4,21,4,0,2,0,0,0,29,0,0,0,0,25.0,0,25.0,0,0,0,0,0.0,0.0,0.415,0,0.0,0.0,0,0.415,0.0,0.415,0.0,0.0,0.0,False,False,False,True,False,False,True
Story,Nevada Township,0,3,0,13,0,3,7,0,5,0,11,1,0,0,0,0,0,22,0,0,0,0,8.0,0,13.0,0,0,0,0,0.0,0.0,0.415,0,0.0,0.0,0,0.0,0.0,0.0,0.0,0.0,0.0,False,False,False,True,False,False,True
Story,Palestine Township,3,1,0,10,0,0,9,0,0,0,4,5,0,0,0,0,0,10,0,0,18,0,0.0,0,0.0,0,0,0,0,0.0,0.0,0.0,0,0.0,0.415,0,0.0,0.0,0.0,0.0,0.0,0.0,True,False,False,True,False,False,True
Story,Richland Township,0,2,0,0,0,0,9,0,3,0,0,0,0,0,0,2,0,0,0,0,9,0,3.0,0,0.0,0,0,0,0,0.0,0.0,0.0,0,0.0,0.415,0,0.0,0.0,0.0,0.0,0.0,0.0,False,False,False,True,False,False,True
Story,Slater-Sheldahl-Pal 2,0,4,0,21,0,2,20,0,24,2,12,4,0,0,0,0,0,32,0,0,24,0,32.0,0,0.0,0,0,1,0,0.0,0.0,0.415,0,0.0,0.415,0,0.415,0.0,0.0,0.0,0.0,0.0,False,False,False,True,False,False,True
Tama,YORK,1,4,0,4,0,0,0,0,3,2,2,0,0,0,0,6,0,6,0,0,0,0,0.0,0,0.0,0,0,0,0,0.1294,0.0,0.1294,0,0.0,0.0,0,0.0,0.0,0.0,0.0,0.0,0.0,False,True,False,False,False,False,True
Taylor,1-1 Blockton,0,1,0,4,0,0,0,0,2,0,0,0,0,0,0,0,0,4,0,0,0,0,2.0,0,0.0,0,0,0,0,0.0,0.0,0.1,0,0.0,0.0,0,0.1,0.0,0.0,0.0,0.0,0.0,False,False,False,True,False,False,True
Taylor,3-1 Gravity,0,1,0,2,0,0,0,0,2,0,0,0,0,0,0,0,0,2,0,0,0,0,3.0,0,0.0,0,0,0,0,0.0,0.0,0.1,0,0.0,0.0,0,0.1,0.0,0.0,0.0,0.0,0.0,False,True,False,True,False,False,True
Taylor,7-3 Legion,0,4,0,3,0,0,2,0,0,0,0,0,0,0,0,4,0,3,0,0,2,0,0.0,0,0.0,0,0,0,0,0.1,0.0,0.1,0,0.0,0.1,0,0.0,0.0,0.0,0.0,0.0,0.0,False,False,False,True,False,False,True
Van Buren,Birmingham,0,0,0,6,0,0,0,0,9,0,0,0,0,0,0,0,0,6,0,0,0,0,9.0,0,0.0,0,0,0,0,0.0,0.0,0.2,0,0.0,0.0,0,0.2,0.0,0.0,0.0,0.0,0.0,False,False,False,True,False,False,True
Van Buren,Cantril,0,2,0,2,0,0,2,0,0,0,3,0,0,0,0,3,0,3,0,0,0,0,0.0,0,3.0,0,0,0,0,0.0,0.0,0.1,0,0.0,0.0,0,0.0,0.0,0.1,0.0,0.0,0.0,False,False,False,True,False,False,True
Van Buren,Milton,0,3,0,2,0,0,0,0,2,0,1,0,0,0,0,5,0,3,0,0,0,0,0.0,0,0.0,0,0,0,0,0.1,0.0,0.1,0,0.0,0.0,0,0.0,0.0,0.0,0.0,0.0,0.0,False,False,False,True,False,False,True
Warren,GR1-DM86 CITY,0,5,0,6,0,0,6,0,0,0,1,0,0,0,0,5,0,6,0,0,6,0,0.0,0,0.0,0,0,0,0,0.2333,0.0,0.0,0,0.0,0.0,0,0.0,0.0,0.0,0.0,0.0,0.0,False,False,False,True,False,False,True
Warren,GREENFIELD 1 TWP,1,16,0,30,0,0,19,0,17,4,20,5,0,0,0,17,0,31,0,0,20,0,17.0,0,24.0,0,3,0,0,0.2333,0.0,0.2333,0,0.0,0.2333,0,0.2333,0.0,0.2333,0.0,0.0,0.0,False,False,False,True,False,False,True
Warren,JACKSON,0,15,0,22,0,0,6,0,9,2,4,0,0,1,0,16,0,26,0,0,0,0,17.0,0,0.0,0,0,0,0,0.2333,0.0,0.2333,0,0.0,0.0,0,0.2333,0.0,0.0,0.0,0.0,0.0,False,False,False,True,False,False,True
Warren,PALMYRA TWP,0,0,0,12,0,0,8,0,5,0,8,0,0,0,0,0,0,1,0,0,0,0,0.0,0,0.0,0,0,0,0,0.0,0.0,0.0,0,0.0,0.0,0,0.0,0.0,0.0,0.0,0.0,0.0,False,True,False,True,False,False,True
Warren,RICHLAND/ PALMYRA,0,10,0,15,0,0,3,0,9,0,3,0,0,0,0,11,0,19,0,0,0,0,10.0,0,0.0,0,0,0,0,0.2333,0.0,0.2333,0,0.0,0.0,0,0.2333,0.0,0.0,0.0,0.0,0.0,False,False,False,True,False,False,True
Warren,UNION,0,5,0,0,0,0,6,0,0,0,1,0,0,0,0,5,0,0,0,0,6,0,0.0,0,1.0,0,0,0,0,0.2333,0.0,0.0,0,0.0,0.0,0,0.0,0.0,0.0,0.0,0.0,0.0,False,False,False,True,False,False,True
Webster,Colfax-Duncombe,0,12,0,6,0,0,1,0,3,1,2,0,0,0,0,12,0,8,0,0,0,0,0.0,0,0.0,0,0,0,0,0.1667,0.0,0.1667,0,0.0,0.0,0,0.0,0.0,0.0,0.0,0.0,0.0,False,False,False,True,False,False,True
Webster,Cooper,0,1,0,1,0,0,0,0,1,0,0,0,0,0,0,1,0,1,0,0,0,0,1.0,0,0.0,0,0,0,0,0.0,0.0,0.0833,0,0.0,0.0,0,0.0833,0.0,0.0,0.0,0.0,0.0,True,True,True,False,False,False,True
Webster,Sumner-Webster-Yell-Hardi,0,6,0,4,0,2,0,0,4,3,2,2,0,0,0,9,0,7,0,0,0,0,7.0,0,0.0,0,0,0,0,0.1667,0.0,0.1667,0,0.0,0.0,0,0.0833,0.0,0.0,0.0,0.0,0.0,False,True,False,False,False,False,True
Winnebago,King Linden,0,2,0,10,0,0,7,0,1,0,0,0,0,0,0,0,0,11,0,0,7,0,0.0,0,0.0,0,0,2,0,0.0,0.0,0.15,0,0.0,0.15,0,0.0,0.0,0.0,0.0,0.0,0.0,False,False,False,True,False,False,True
Winnebago,Mt. Valley,0,4,0,7,0,0,3,0,2,0,4,1,0,0,0,0,0,8,0,0,7,0,0.0,0,6.0,0,0,0,0,0.0,0.0,0.15,0,0.0,0.15,0,0.0,0.0,0.0,0.0,0.0,0.0,False,False,False,True,False,False,True
Winneshiek,PCT 03 - DEW1/DETSUP2,0,35,0,80,0,0,50,0,56,0,45,29,0,0,0,0,0,95,0,0,72,0,67.0,0,55.0,0,0,0,0,0.0,0.0,0.768,0,0.0,0.64,0,0.512,0.0,0.384,0.0,0.0,0.0,True,False,False,False,False,False,True
Woodbury,33-Pierson/Rutland,0,8,0,3,0,0,1,0,3,0,0,1,0,0,0,8,0,3,0,0,1,0,3.0,0,0.0,1,0,0,0,0.2125,0.0,0.0,0,0.0,0.0,0,0.0,0.0,0.0,0.0,0.0,0.0,False,False,False,True,False,False,True
Woodbury,37 Climbing Hill/Grant/West Fork,0,3,0,0,0,0,0,0,1,0,1,0,0,1,0,3,0,0,0,0,0,0,1.0,0,1.0,0,0,1,0,0.2125,0.0,0.0,0,0.0,0.0,0,0.0,0.0,0.0,0.0,0.0,0.0,False,False,False,True,False,False,True
Woodbury,39 Hornick/Willow,0,0,0,1,0,0,0,0,0,0,3,0,0,0,0,0,0,1,0,0,0,0,0.0,0,3.0,0,0,0,0,0.0,0.0,0.0,0,0.0,0.0,0,0.0,0.0,0.2125,0.0,0.0,0.0,False,False,False,True,False,False,True
Woodbury,41 Danbury/Liston/Morgan,0,0,0,6,0,0,0,0,0,0,6,0,0,0,0,0,0,6,0,0,0,0,0.0,0,6.0,0,0,0,0,0.0,0.0,0.0,0,0.0,0.0,0,0.0,0.0,0.2125,0.0,0.0,0.0,False,False,False,True,False,False,True
Woodbury,42 Smithland/Little Sioux,0,0,0,1,0,0,0,0,2,3,3,0,0,0,0,0,0,0,0,0,0,0,0.0,4,5.0,0,0,0,0,0.0,0.0,0.0,0,0.0,0.0,0,0.0,0.0,0.2125,0.0,0.0,0.0,False,False,False,True,False,False,True
Woodbury,43 Oto/Oto Township,0,0,0,1,0,0,0,0,3,0,0,0,0,0,0,0,0,1,0,0,0,0,0.0,0,0.0,0,0,0,0,0.0,0.0,0.0,0,0.0,0.0,0,0.2125,0.0,0.0,0.0,0.0,0.0,False,True,False,False,False,False,True
Woodbury,44 Cushing/Rock,0,5,0,2,0,0,0,0,1,0,0,0,0,0,0,5,0,2,0,0,0,0,1.0,0,1.0,0,0,0,0,0.2125,0.0,0.0,0,0.0,0.0,0,0.0,0.0,0.0,0.0,0.0,0.0,False,False,False,True,False,False,True
Woodbury,Sioux City 05,0,38,0,15,0,0,4,0,27,2,12,0,0,0,0,41,0,25,0,0,0,0,32.0,0,0.0,0,0,0,0,0.85,0.0,0.425,0,0.0,0.0,0,0.6375,0.0,0.0,0.0,0.0,0.0,True,True,True,True,True,True,True
Woodbury,Sioux City 20,0,38,0,15,0,0,4,0,27,2,12,0,0,0,0,41,0,25,0,0,0,0,32.0,0,0.0,0,0,0,0,0.85,0.0,0.425,0,0.0,0.0,0,0.6375,0.0,0.0,0.0,0.0,0.0,True,True,True,True,True,True,True
