County,Precinct,Precinct Short Name,County Delegates,Precinct SDE (IDP)
Adair,1NW ADAIR,01NW,8,0.6274509803921569
Adair,2NE STUART,02NE,11,0.8627450980392157
Adair,3SW FONTANELLE,03SW,9,0.7058823529411764
Adair,4SE ORIENT,04SE,10,0.7843137254901961
Adair,5GF GREENFIELD,05GF,13,1.0196078431372548
Adams,Adams 1,AD1,8,0.6857142857142857
Adams,Adams 2,AD2,7,0.6
Adams,Adams 3,AD3,8,0.6857142857142857
Adams,Adams 4,AD4,7,0.6
Adams,Adams 5,AD5,5,0.4285714285714286
Allamakee,Pct 01 - WL/HV,PCT 1,4,0.3111111111111111
Allamakee,Pct 10 - Waukon 2,PCT 10,9,0.7
Allamakee,Pct 11 - Waukon 3,PCT 11,9,0.7
Allamakee,Pct 02 - FC/JF/LL/MK/UP,PCT 2,14,1.088888888888889
Allamakee,Pct 03 - PO/FK,PCT 3,3,0.2333333333333333
Allamakee,Pct 04 - PV City,PCT 4,8,0.6222222222222222
Allamakee,Pct 05 - LT/PC/WV City,PCT 5,4,0.3111111111111111
Allamakee,Pct 06 - FV/TL/HF City,PCT 6,7,0.5444444444444445
Allamakee,Pct 07 - CN/LF/LS/LS City,PCT 7,18,1.4
Allamakee,Pct 08 - IA/UC/NA City,PCT 8,5,0.3888888888888889
Allamakee,Pct 09 - Waukon 1,PCT 9,9,0.7
Appanoose,Bellair/Lincoln,BL,4,0.32
Appanoose,Centerville Ward 1,CV1,13,1.04
Appanoose,Centerville Ward 2,CV2,11,0.88
Appanoose,Centerville Ward 3,CV3,10,0.8
Appanoose,Caldwell Township,CW,2,0.16
Appanoose,Johns/Independence,JO,4,0.32
Appanoose,Pleasant/Franklin,PS,5,0.4
Appanoose,Taylor/Chariton,TY,7,0.56
Appanoose,Union / Udell Township,UD,4,0.32
Appanoose,Vermillion/Douglas/Sharon,VM,6,0.48
Appanoose,Walnut,WALNUT,5,0.4
Appanoose,Washington/Wells,WS,4,0.32
Audubon,Precinct 1,1,15,1.5
Audubon,Precinct 2,2,15,1.5
Benton,Big Grove-Union-Van Horne,BG,9,0.6749999999999999
Benton,Benton-Canton-Shellsburg,BN,22,1.65
Benton,Belle Plaine 1,BP1,6,0.45
Benton,Belle Plaine 2,BP2,5,0.375
Benton,Belle Plaine 3,BP3,6,0.45
Benton,Bruce-Cedar-Mt Auburn,BR,5,0.375
Benton,Eden-Harrison-Taylor,ED,10,0.75
Benton,Eldorado-Newhall,EL,10,0.75
Benton,Florence-St Clair-Norway,FL,12,0.8999999999999999
Benton,Fremont-Atkins,FR,22,1.65
Benton,Homer-Monroe-Jackson-Garrison,HO,6,0.45
Benton,Iowa-Leroy-Luzerne-Blairstown,IA,10,0.75
Benton,Kane-Keystone,KA,6,0.45
Benton,Polk-Urbana,PO,20,1.5
Benton,Vinton 1,VT1,12,0.8999999999999999
Benton,Vinton 2,VT2,8,0.6
Benton,Vinton 3,VT3,11,0.825
Benton,Vinton 4,VT4,10,0.75
Benton,Walford,WA,10,0.75
Black Hawk,Barclay Lester Dunkerton,ALOO,5,1.01
Black Hawk,Bennington,B000,1,0.20199999999999999
Black Hawk,Big Creek La Porte,C000,8,1.6159999999999999
Black Hawk,Black Hawk Hudson Lincoln,DK00,7,1.414
Black Hawk,Cedar Orange,DM00,10,2.02
Black Hawk,Eagle,EO00,7,1.414
Black Hawk,Elk Run Heights &amp; Raymond,G000,1,0.20199999999999999
Black Hawk,Evansdale W1,J100,4,0.8079999999999999
Black Hawk,Evansdale W2,J200,3,0.6060000000000001
Black Hawk,Evansdale W3,J300,4,0.8079999999999999
Black Hawk,Evansdale W4,J400,4,0.8079999999999999
Black Hawk,Mt Vernon,N000,4,0.8079999999999999
Black Hawk,Poyner P1 &amp; East Wloo,PH01,3,0.6060000000000001
Black Hawk,Poyner P2 Fox Gilbert Jesup,PK02,7,1.414
Black Hawk,Spring Creek,Q000,1,0.20199999999999999
Black Hawk,Union,R000,3,0.6060000000000001
Black Hawk,Washington Janesville,S000,2,0.40399999999999997
Black Hawk,WL 1-1,W101,10,2.02
Black Hawk,WL 1-2,W102,9,1.818
Black Hawk,WL 1-3,W103,8,1.6159999999999999
Black Hawk,WL 1-4,W104,9,1.818
Black Hawk,WL 1-5,W105,8,1.6159999999999999
Black Hawk,WL 1-6,W106,11,2.222
Black Hawk,WL 2-1,W201,6,1.2120000000000002
Black Hawk,WL 2-2,W202,7,1.414
Black Hawk,WL 2-3,W203,9,1.818
Black Hawk,WL 2-4,W204,14,2.8280000000000003
Black Hawk,WL 2-5,W205,9,1.818
Black Hawk,WL 2-6,W206,9,1.818
Black Hawk,WL 3-1,W301,8,1.6159999999999999
Black Hawk,WL 3-2,W302,9,1.818
Black Hawk,WL 3-3,W303,7,1.414
Black Hawk,WL 3-4,W304,7,1.414
Black Hawk,WL 3-5,W305,11,2.222
Black Hawk,WL 3-6,W306,6,1.2120000000000002
Black Hawk,WL 4-1,W401,10,2.02
Black Hawk,WL 4-2,W402,7,1.414
Black Hawk,WL 4-3,W403,5,1.01
Black Hawk,WL 4-4,W404,7,1.414
Black Hawk,WL 4-5,W405,11,2.222
Black Hawk,WL 4-6,W406,5,1.01
Black Hawk,WL 5-1,W501,4,0.8079999999999999
Black Hawk,WL 5-2,W502,8,1.6159999999999999
Black Hawk,WL 5-3,W503,7,1.414
Black Hawk,WL 5-4,W504,9,1.818
Black Hawk,WL 5-5,W505,10,2.02
Black Hawk,WL 5-6,W506,9,1.818
Black Hawk,CF W1 P1,X101,8,1.6159999999999999
Black Hawk,CF W1 P2,X102,15,3.03
Black Hawk,CF W1 P3,X103,15,3.03
Black Hawk,CF W2 P1,X201,4,0.8079999999999999
Black Hawk,CF W2 P2 &amp; CF Twp,X202,14,2.8280000000000003
Black Hawk,CF W2 P3,X203,19,3.838
Black Hawk,CF W3 P1,X301,10,2.02
Black Hawk,CF W3 P2,X302,14,2.8280000000000003
Black Hawk,CF W3 P3,X303,9,1.818
Black Hawk,CF W4 P1,X401,13,2.6260000000000003
Black Hawk,CF W4 P2,X402,10,2.02
Black Hawk,CF W4 P3,X403,9,1.818
Black Hawk,CF W5 P1,X501,13,2.6260000000000003
Black Hawk,CF W5 P2,X502,13,2.6260000000000003
Black Hawk,CF W5 P3,X503,11,2.222
Boone,Boone 1st Ward,BN1,9,1.71
Boone,Boone 2nd Ward,BN2,10,1.9
Boone,Boone 3rd Ward,BN3,10,1.9
Boone,Boone 4th Ward,BN4,12,2.28
Boone,Boone 5th Ward,BN5,10,1.9
Boone,Madrid 1st Ward,MD1,4,0.76
Boone,Madrid 2nd Ward,MD2,4,0.76
Boone,Madrid 3rd Ward,MD3,3,0.5700000000000001
Boone,Ogden,OG,7,1.33
Boone,Rural Precinct 1,RP1,5,0.95
Boone,Rural Precinct 2,RP2,7,1.33
Boone,Rural Precinct 3,RP3,3,0.5700000000000001
Boone,Rural Precinct 4,RP4,7,1.33
Boone,Rural Precinct 5,RP5,3,0.5700000000000001
Boone,Rural Precinct 6,RP6,6,1.14
Bremer,CITY OF DENVER/JEFFERSON TWP,DV,9,2.04
Bremer,CITY OF FREDERIKA- FREDERIKA &amp; LEROY TWP,FD,1,0.22666666666666666
Bremer,CITY OF JANESVILLE/JACKSON TWP,JV,5,1.1333333333333333
Bremer,LAFAYETTE TWP/WARREN TWPS,LA,4,0.9066666666666666
Bremer,CITY OF PLAINFIELD/POLK TWP/DOUGLAS TWP,PL,3,0.6799999999999999
Bremer,CITY OF READLYN- MAXFIELD &amp; FRANKLIN TWP,RD,4,0.9066666666666666
Bremer,CITY OF SUMNER/SUMNER TWP/DAYTON TWP,SU,6,1.36
Bremer,CITY OF TRIPOLI/FREMONT,TR,5,1.1333333333333333
Bremer,WAVERLY WARD I/E WASHINGTON TWP,WL1,9,2.04
Bremer,WAVERLY WARD II/NE 1/4 SEC 36 WASHINGTON TWP,WL2,7,1.586666666666667
Bremer,WAVERLY WARD III,WL3,5,1.1333333333333333
Bremer,WAVERLY WARD IV,WL4,8,1.8133333333333328
Bremer,WAVERLY WARD V/W WASHINGTON TWP,WL5,9,2.04
Buchanan,Aurora,AR,5,0.6842105263157895
Buchanan,Brandon,BD,4,0.5473684210526316
Buchanan,Fairbank,FB,5,0.6842105263157895
Buchanan,Hazleton,HT,4,0.5473684210526316
Buchanan,Independence 1st Ward,I1,12,1.642105263157895
Buchanan,Independence 2nd Ward,I2,6,0.8210526315789475
Buchanan,Independence 3rd Ward,I3,9,1.2315789473684209
Buchanan,Independence 4th Ward,I4,6,0.8210526315789475
Buchanan,Independence 5th Ward,I5,6,0.8210526315789475
Buchanan,Jesup,JS,11,1.5052631578947369
Buchanan,Middlefield-Newton,MN,3,0.41052631578947374
Buchanan,Perry-Westburg,PW,6,0.8210526315789475
Buchanan,Quasqueton,QT,6,0.8210526315789475
Buchanan,Rowley,RW,5,0.6842105263157895
Buchanan,Winthrop,WN,7,0.9578947368421054
Buena Vista,STORM LAKE 01,1,7,1.4
Buena Vista,STORM LAKE 02,2,4,0.8
Buena Vista,STORM LAKE 03,3,7,1.4
Buena Vista,STORM LAKE 04,4,8,1.6
Buena Vista,ALBERT CITY FAIRFIELD COON,ACFC,2,0.4
Buena Vista,ALTA NOKOMIS ELK,ALNE,5,1.0
Buena Vista,LAKESIDE HAYES MAPLE VALLEY,LKHM,3,0.6000000000000001
Buena Vista,NEWELL NEWELL PROVIDENCE,NENP,2,0.4
Buena Vista,SRL;LGB;RELS;MAP,S-M-L-R,5,1.0
Buena Vista,TRUESDALE WASHINGTON GRANT,TRWG,2,0.4
Butler,1-GR,1-GR,10,1.1666666666666667
Butler,2-CL,2-CL,11,1.2833333333333334
Butler,3-DU,3-DU,4,0.4666666666666667
Butler,4-AL,4-AL,4,0.4666666666666667
Butler,5-AP,5-AP,5,0.5833333333333334
Butler,6-SR,6-SR,11,1.2833333333333334
Butler,7-PB,7-PB,10,1.1666666666666667
Butler,8-NH,8-NH,5,0.5833333333333334
Calhoun,Butler- Williams,BUWM,6,0.5
Calhoun,Cedar,CEDAR,1,0.08333333333333333
Calhoun,Calhoun- Jackson- EG- LK,CHJEGLK,15,1.25
Calhoun,Center- Logan- TL- GA- L,CNLGTGA,5,0.4166666666666666
Calhoun,Greenfield &amp; Lincoln 2,GREENFI,2,0.16666666666666666
Calhoun,Lincoln 1,LINCOLN,10,0.8333333333333333
Calhoun,Reading,READING,3,0.25
Calhoun,Rockwell City,ROCKWEL,13,1.0833333333333333
Calhoun,Sherman,SHERMAN,3,0.25
Calhoun,Union,UNION,2,0.16666666666666666
Carroll,Carroll Ward One,1,14,1.54
Carroll,Pleasant Valley-Newton,10,3,0.33
Carroll,Ewoldt,11,8,0.88
Carroll,Eden,12,2,0.22
Carroll,Union,13,7,0.77
Carroll,Carroll Ward Two &amp;amp; N1/2 Maple River Twp,2,18,1.98
Carroll,Carroll Ward Three &amp;amp; S1/2 Maple River Twp,3,13,1.43
Carroll,Carroll Ward Four,4,13,1.43
Carroll,Wheatland-Kniest,5,4,0.44
Carroll,Sheridan-Grant-Jasper,6,5,0.55
Carroll,Arcadia,7,2,0.22
Carroll,Glidden-Richland,8,7,0.77
Carroll,Washington-Roselle,9,4,0.44
Cass,Grant- Lincoln Twp/Anita,AN,6,0.72
Cass,Atlantic 1,AT1,4,0.48
Cass,Atlantic 2,AT2,5,0.6
Cass,Atlantic 3,AT3,5,0.6
Cass,Atlantic 4,AT4,6,0.72
Cass,Atlantic 5,AT5,6,0.72
Cass,Benton- Franklin Twp/Wiota,BN,2,0.24
Cass,Union Twp/Cumberland,CU,1,0.12
Cass,Noble- Pleasant Twp/Griswold,GS,5,0.6
Cass,Bear Grove- Cass Twp/Lewis,LW,3,0.36
Cass,Brighton- Grove- Pymosa- Washington Twp/Marne,MR,4,0.48
Cass,Massena Twp/Massena City,MS,2,0.24
Cass,Enda- Victoria Twp,VI,1,0.12
Cedar,CASS/CENTER/IOWA/ROCHESTER,CN,8,1.3714285714285714
Cedar,DAYTON/FAIRFIELD,DA,4,0.6857142857142857
Cedar,FARMINGTON/SUGAR CREEK,FM,8,1.3714285714285714
Cedar,FREMONT/RED OAK,FR,3,0.5142857142857142
Cedar,GOWER/SPRINGDALE,GW,7,1.2
Cedar,INLAND,IN,2,0.3428571428571429
Cedar,LINN/PIONEER,LN,7,1.2
Cedar,MASSILLON/SPRINGFIELD,MA,4,0.6857142857142857
Cedar,TIPTON 1,TT1,4,0.6857142857142857
Cedar,TIPTON 2,TT2,4,0.6857142857142857
Cedar,TIPTON 3,TT3,5,0.8571428571428572
Cedar,WEST BRANCH 1,WB1,14,2.4
Cerro Gordo,Clear Lake - Grant - Union,CL,7,1.24
Cerro Gordo,Clear Lake - Ward 1,CL1,9,1.594285714285714
Cerro Gordo,Clear Lake - Ward 2,CL2,11,1.9485714285714284
Cerro Gordo,Clear Lake - Ward 3,CL3,9,1.594285714285714
Cerro Gordo,Falls - Plymouth Pct,FLN,2,0.35428571428571426
Cerro Gordo,Falls - Rock Falls Pct,FLS,1,0.17714285714285713
Cerro Gordo,Grimes - Thornton Pct,GME,1,0.17714285714285713
Cerro Gordo,Grimes - Meservey Pct,GMW,1,0.17714285714285713
Cerro Gordo,Geneseo Twp Pct,GN,5,0.8857142857142857
Cerro Gordo,Lake / Lincoln Twps Pct,LCN,2,0.35428571428571426
Cerro Gordo,Lime Creek / Mason N Twps,LK,2,0.35428571428571426
Cerro Gordo,Mason City W-1 P-1,MC W1P1,8,1.417142857142857
Cerro Gordo,Mason City W-1 P-2,MC W1P2,10,1.7714285714285714
Cerro Gordo,Mason City W-1 P-3,MC W1P3,11,1.9485714285714284
Cerro Gordo,Mason City W-2 P-1,MC W2P1,7,1.24
Cerro Gordo,Mason City W-2 P-2,MC W2P2,13,2.3028571428571425
Cerro Gordo,Mason City W-2 P-3,MC W2P3,8,1.417142857142857
Cerro Gordo,Mason City W-3 P-1,MC W3P1,11,1.9485714285714284
Cerro Gordo,Mason City W-3 P-2,MC W3P2,8,1.417142857142857
Cerro Gordo,Mason City W-3 P-3,MC W3P3,14,2.48
Cerro Gordo,Mason City W-4 P-1,MC W4P1,8,1.417142857142857
Cerro Gordo,Mason City W-4 P-2,MC W4P2,9,1.594285714285714
Cerro Gordo,Mason City W-4 P-3,MC W4P3,11,1.9485714285714284
Cerro Gordo,Mason S / Bath Twps,MSB,2,0.35428571428571426
Cerro Gordo,Mt Vernon - Pl Valley Twps,MV,2,0.35428571428571426
Cerro Gordo,Portland - Owen - Dougherty,POD,3,0.5314285714285714
Cherokee,#1 Aurelia,1 AUR,8,0.8727272727272727
Cherokee,#2 Cleghorn,2 CLEG,9,0.9818181818181818
Cherokee,#3 Quimby,3 QUIM,5,0.5454545454545454
Cherokee,#4 Cherokee,4 CHER,6,0.6545454545454545
Cherokee,#5 Cherokee Ward 1,5 CH W1,10,1.0909090909090908
Cherokee,#6 Cherokee Ward 2,6 CH W2,7,0.7636363636363636
Cherokee,#7 Cherokee Ward 3,7 CH W3,10,1.0909090909090908
Chickasaw,Bradford,BD,18,1.2600000000000002
Chickasaw,Chickasaw,CH,4,0.28
Chickasaw,Dayton-Richland,DA-RD,4,0.28
Chickasaw,Deerfield-Washington 2,DF-W2,6,0.42
Chickasaw,Dresden-Fredericksburg,DS-FB,12,0.8400000000000001
Chickasaw,Jacksonville-Utica,JA-UT,4,0.28
Chickasaw,City of New Hampton Ward One,NH1,9,0.6300000000000001
Chickasaw,City of New Hampton Ward Two,NH2,7,0.4900000000000001
Chickasaw,City of New Hampton Ward Three,NH3,10,0.7000000000000001
Chickasaw,City of New Hampton Ward Four,NH4,10,0.7000000000000001
Chickasaw,New Hampton Rural,NHR,5,0.35000000000000003
Chickasaw,Stapleton,ST,8,0.56
Chickasaw,Washington 1 Township,WA1,3,0.21
Clarke,Middle Precinct,MDL,6,0.48
Clarke,Murray Precinct,MY,6,0.48
Clarke,North East Precinct,NE,9,0.72
Clarke,Osceola 1st Ward Precinct,OC1,8,0.64
Clarke,Osceola 2nd Ward Precinct,OC2,8,0.64
Clarke,Osceola 3rd Ward Precinct,OC3,10,0.8
Clarke,Woodburn Precinct,WB,3,0.24
Clay,Douglas-Peterson,DGPE,3,0.2823529411764706
Clay,Garfield-Herdland,GFHD,2,0.18823529411764706
Clay,Lake-Freeman,LAFR,3,0.2823529411764706
Clay,Logan-Gillett Grove,LGGG,2,0.18823529411764706
Clay,Lincoln-Clay,LNCL,4,0.3764705882352941
Clay,Spencer Ward 1,SP1,10,0.9411764705882352
Clay,Spencer Ward 2,SP2,12,1.1294117647058823
Clay,Spencer Ward 3,SP3,12,1.1294117647058823
Clay,Spencer Ward 4,SP4,13,1.223529411764706
Clay,Spencer Ward 5,SP5,13,1.223529411764706
Clay,Summit-Riverton-Sioux-Meadow,SRSM,7,0.6588235294117647
Clay,Waterford-Lone Tree,WFLT,4,0.3764705882352941
Clayton,BOARDMAN-HIGHLAND,BM-HI,9,1.5
Clayton,BUENA VISTA,BV,1,0.16666666666666666
Clayton,COX CREEK-SPERRY,CC-SY,3,0.5
Clayton,CLAYTON-GARNAVILLO,CL-GV,4,0.6666666666666666
Clayton,CASS,CS,5,0.8333333333333333
Clayton,ELK-MALLORY-VOLGA,ELMYVO,3,0.5
Clayton,FARMERSBURG-WAGNER,FB-WG,3,0.5
Clayton,GIARD-LUANA-MONONA,GDLUMO,7,1.1666666666666663
Clayton,GRAND MEADOW,GM,1,0.16666666666666666
Clayton,JEFFERSON-MILLVILLE,JF-MV,12,2.0
Clayton,LODOMILLO,LM,2,0.3333333333333333
Clayton,MENDON,MN,8,1.3333333333333333
Clayton,MARION,MR,1,0.16666666666666666
Clayton,READ,RD,1,0.16666666666666666
Clinton,BLOOMFIELD BROOKFIELD DEL,BBRD,3,0.6642857142857143
Clinton,CAMANCHE 1,CAM1,8,1.7714285714285714
Clinton,CAMANCHE 2,CAM2,7,1.5499999999999998
Clinton,CENTER TWP,CENT,1,0.22142857142857145
Clinton,CLINTON 1-1,CL11,7,1.5499999999999998
Clinton,CLINTON 1-2,CL12,9,1.9928571428571429
Clinton,CLINTON 2-1,CL21,7,1.5499999999999998
Clinton,CLINTON 2-2,CL22,12,2.657142857142857
Clinton,CLINTON 3-1,CL31,10,2.2142857142857144
Clinton,CLINTON 3-2,CL32,12,2.657142857142857
Clinton,CLINTON 4-1,CL41,10,2.2142857142857144
Clinton,CLINTON 4-2,CL42,10,2.2142857142857144
Clinton,DEEP CREEK GOOSE LAKE,DCGL,2,0.4428571428571429
Clinton,DEWITT 1,DEW1,8,1.7714285714285714
Clinton,DEWITT 2,DEW2,10,2.2142857142857144
Clinton,DEWITT TWP,DEWT,4,0.8857142857142857
Clinton,EDEN CAMANCHE TWP,EDCM,1,0.22142857142857145
Clinton,ELK RIVER HAMPSHIRE ANDOV,ERHA,4,0.8857142857142857
Clinton,LIBERTY TORONTO,LBTO,1,0.22142857142857145
Clinton,LOW MOOR,LOMO,1,0.22142857142857145
Clinton,OLIVE GRANT CALAMUS,OGCA,2,0.4428571428571429
Clinton,ORANGE GRAND MOUND,ORGM,3,0.6642857142857143
Clinton,SHARON LOST NATION,SHLN,1,0.22142857142857145
Clinton,SPRING ROCK WHEATLAND,SRWH,3,0.6642857142857143
Clinton,WATERFORD CHARLOTTE,WFCH,1,0.22142857142857145
Clinton,WELTON WASHINGTON WELTON,WWAW,3,0.6642857142857143
Crawford,Charter Oak,CO,2,0.3
Crawford,Denison Ward 1,D1,6,0.8999999999999999
Crawford,Denison Ward 2-Denison Twp,D2-DT,8,1.2
Crawford,Denison Ward 3-Goodrich Twp,D3-GR,8,1.2
Crawford,DCAB,DC-AB,4,0.6
Crawford,Northeast,NE,4,0.6
Crawford,Southeast,SE,5,0.75
Crawford,SRK,SRK,3,0.45
Dallas,ADAMS,ADS,2,0.8285714285714286
Dallas,ADEL 1,AL1,3,1.2428571428571429
Dallas,ADEL 2,AL2,4,1.6571428571428573
Dallas,BEAVER / DES MOINES,BDM,4,1.6571428571428573
Dallas,CLIVE 5,CL5,5,2.071428571428572
Dallas,CLIVE 6,CL6,6,2.4857142857142858
Dallas,COLFAX / ADEL,COA,2,0.8285714285714286
Dallas,DESOTO,DO,1,0.4142857142857143
Dallas,LINCOLN /WASHINGTON /LINN,LWL,1,0.4142857142857143
Dallas,PERRY 1,PY1,4,1.6571428571428573
Dallas,PERRY 2,PY2,4,1.6571428571428573
Dallas,PERRY 3,PY3,3,1.2428571428571429
Dallas,SPRING VALLEY / DALLAS,SD,1,0.4142857142857143
Dallas,SUGAR GROVE / DALLAS CENTER,SGDC,4,1.6571428571428573
Dallas,UNION,UN,3,1.2428571428571429
Dallas,URBANDALE 13,URB13,7,2.9000000000000004
Dallas,URBANDALE 14,URB14,5,2.071428571428572
Dallas,URBANDALE 15,URB15,3,1.2428571428571429
Dallas,VAN METER,VM,4,1.6571428571428573
Dallas,WALNUT / GRIMES / GRANT,WGG,3,1.2428571428571429
Dallas,WAUKEE 1,WK1,6,2.4857142857142858
Dallas,WAUKEE 2,WK2,6,2.4857142857142858
Dallas,WAUKEE 3,WK3,7,2.9000000000000004
Dallas,WAUKEE 4,WK4,5,2.071428571428572
Dallas,WAUKEE 5,WK5,5,2.071428571428572
Dallas,WAUKEE 6,WK6,5,2.071428571428572
Dallas,WEST DES MOINES 221,WM221,8,3.3142857142857145
Dallas,WEST DES MOINES 222,WM222,5,2.071428571428572
Dallas,WEST DES MOINES 223,WM223,4,1.6571428571428573
Dallas,WEST DES MOINES 224,WM224,1,0.4142857142857143
Dallas,WEST DES MOINES 225,WM225,8,3.3142857142857145
Dallas,WEST DES MOINES 226,WM226,4,1.6571428571428573
Dallas,WEST DES MOINES 321,WM321,5,2.071428571428572
Dallas,WEST DES MOINES 322,WM322,2,0.8285714285714286
Davis,Bloomfield Ward 1,BF1,16,0.48
Davis,Bloomfield Ward 2,BF2,16,0.48
Davis,Bloomfield Ward 3,BF3,12,0.36
Davis,Central,CN,16,0.48
Davis,Northeast,NE,12,0.36
Davis,Northwest,NW,11,0.33
Davis,Southeast,SE,10,0.3
Davis,Southwest,SW,7,0.21
Decatur,BL/FA/Lamoni,BL,36,1.6941176470588235
Decatur,BU/HA/MO/NB/Davis City/Pleasanton,BU,4,0.18823529411764706
Decatur,DE/Decatur City,DE,3,0.1411764705882353
Decatur,GG/HP/WE/Garden Grove/LeRoy,GG,7,0.32941176470588235
Decatur,GR/RL/Grand River,GR,4,0.18823529411764706
Decatur,FR/LC/Van Wert/Weldon,LC,9,0.4235294117647059
Decatur,CE/ED/Leon,LE,22,1.0352941176470587
Delaware,Adams/Hazel Green,ADHG,7,0.525
Delaware,Colony,CL,5,0.375
Delaware,Delhi/Delaware Corp,DH,7,0.525
Delaware,Delaware,DW,6,0.45
Delaware,Honey Creek/Elk,HCEK,9,0.6749999999999999
Delaware,Manchester Ward 1,MC1,12,0.8999999999999999
Delaware,Manchester Ward 2,MC2,14,1.05
Delaware,Manchester Ward 3,MC3,16,1.2
Delaware,Milo/Prairie,MLPR,12,0.8999999999999999
Delaware,Oneida/N Fork/Bremen,ONNFBM,13,0.975
Delaware,Richland/Coffins Grove,RLCG,9,0.6749999999999999
Delaware,South Fork/Union,SFUN,10,0.75
Des Moines,PCT 1T,BU1T,6,2.16
Des Moines,PCT 2,BU2,7,2.52
Des Moines,PCT 3,BU3,5,1.7999999999999998
Des Moines,PCT 4,BU4,5,1.7999999999999998
Des Moines,PCT 5,BU5,5,1.7999999999999998
Des Moines,PCT 6,BU6,3,1.08
Des Moines,PCT 7,BU7,6,2.16
Des Moines,PCT 8,BU8C,8,2.88
Des Moines,PCT 9,BU9,7,2.52
Des Moines,PCT DM,DM,3,1.08
Des Moines,PCT FM,FM,5,1.7999999999999998
Des Moines,PCT HJ,HJ,2,0.72
Des Moines,PCT MY,MY,4,1.44
Des Moines,PCT PW,PW,1,0.36
Des Moines,PCT UNION,UNION,2,0.72
Des Moines,PCT WB,WB,6,2.16
Dickinson,Precinct No. 01,PCT 01,5,0.625
Dickinson,Precinct No. 02,PCT 02,5,0.625
Dickinson,Precinct No. 03,PCT 03,6,0.75
Dickinson,Precinct No. 04,PCT 04,2,0.25
Dickinson,Precinct No. 05,PCT 05,7,0.875
Dickinson,Precinct No. 06,PCT 06,2,0.25
Dickinson,Precinct No. 07,PCT 07,1,0.125
Dickinson,Precinct No. 08,PCT 08,14,1.75
Dickinson,Precinct No. 09,PCT 09,1,0.125
Dickinson,Precinct No. 10-City-Wahpeton-W Okoboji,PCT 10,4,0.5
Dickinson,Precinct No. 11,PCT 11,6,0.75
Dickinson,Precinct No. 12,PCT 12,4,0.5
Dickinson,Precinct No. 13,PCT 13,6,0.75
Dickinson,Precinct No. 14,PCT 14,4,0.5
Dickinson,Precinct No. 15,PCT 15,13,1.625
Dubuque,Dubuque_09a,09A,8,2.1333333333333333
Dubuque,Dubuque_01,1,10,2.6666666666666665
Dubuque,Dubuque_10,10,11,2.933333333333333
Dubuque,Dubuque_11,11,8,2.1333333333333333
Dubuque,Dubuque_12,12,10,2.6666666666666665
Dubuque,Dubuque_13,13,7,1.8666666666666667
Dubuque,Dubuque_14,14,6,1.6
Dubuque,Dubuque_15,15,8,2.1333333333333333
Dubuque,Dubuque_16,16,5,1.3333333333333333
Dubuque,Dubuque_17,17,5,1.3333333333333333
Dubuque,Dubuque_18,18,7,1.8666666666666667
Dubuque,Dubuque_19,19,10,2.6666666666666665
Dubuque,Dubuque_02,2,12,3.2
Dubuque,Dubuque_20,20,11,2.933333333333333
Dubuque,Dubuque_03,3,7,1.8666666666666667
Dubuque,Dubuque_31,31,11,2.933333333333333
Dubuque,Dubuque_32,32,10,2.6666666666666665
Dubuque,Dubuque_33,33,7,1.8666666666666667
Dubuque,Dubuque_34,34,10,2.6666666666666665
Dubuque,Dubuque_35,35,4,1.0666666666666669
Dubuque,Dubuque_36,36,7,1.8666666666666667
Dubuque,Dubuque_37,37,3,0.8
Dubuque,Dubuque_38,38,3,0.8
Dubuque,Dubuque_39,39,5,1.3333333333333333
Dubuque,Dubuque_04,4,12,3.2
Dubuque,Dubuque_40,40,4,1.0666666666666669
Dubuque,Dubuque_41,41,7,1.8666666666666667
Dubuque,Dubuque_42,42,7,1.8666666666666667
Dubuque,Dubuque_43,43,9,2.4
Dubuque,Dubuque_44,44,1,0.26666666666666666
Dubuque,Dubuque_45,45,6,1.6
Dubuque,Dubuque_05,5,11,2.933333333333333
Dubuque,Dubuque_06,6,9,2.4
Dubuque,Dubuque_07,7,12,3.2
Dubuque,Dubuque_08,8,7,1.8666666666666667
Emmet,AG-IL-Armstrong,1,4,0.4571428571428571
Emmet,Estherville Ward 5,10,3,0.3428571428571429
Emmet,HL-TM-Wallingford,11,2,0.22857142857142854
Emmet,CN-SL-Gruver,2,1,0.11428571428571427
Emmet,DM-JC-Ringsted,3,2,0.22857142857142854
Emmet,EL-LN-Dolliver,4,1,0.11428571428571427
Emmet,Emmet-Estherville,5,2,0.22857142857142854
Emmet,Estherville Ward 1,6,5,0.5714285714285714
Emmet,Estherville Ward 2,7,5,0.5714285714285714
Emmet,Estherville Ward 3,8,6,0.6857142857142857
Emmet,Estherville Ward 4,9,4,0.4571428571428571
Fayette,AUBURN TWP,AU,2,0.24
Fayette,BANKS-FREMONT TWP,BF,4,0.48
Fayette,BETHEL-WINDSOR TWP,BW,4,0.48
Fayette,CENTER TWP,CE,1,0.12
Fayette,CLERMONT TWP,CL,4,0.48
Fayette,DOVER TWP,DV,2,0.24
Fayette,EDEN TWP,ED,2,0.24
Fayette,FAIRBANK INC,FB,3,0.36
Fayette,FAIRFIELD-PUTNAM TWP,FP,4,0.48
Fayette,HARLAN TWP,HL,4,0.48
Fayette,ILLYRIA TWP,IL,3,0.36
Fayette,JEFFERSON TWP,JF,3,0.36
Fayette,OELWEIN - WARD 1,OE1,8,0.96
Fayette,OELWEIN - WARD 2,OE2,7,0.84
Fayette,OELWEIN - WARD 3,OE3,9,1.08
Fayette,OELWEIN - WARD 4,OE4,11,1.3199999999999998
Fayette,ORAN TWP,OR,2,0.24
Fayette,PLEASANT VALLEY TWP,PL,5,0.6
Fayette,SCOTT TWP,SC,1,0.12
Fayette,SMITHFIELD TWP,SF,1,0.12
Fayette,UNION TWP,UN,1,0.12
Fayette,WEST UNION - WARD 1,WE1,5,0.6
Fayette,WEST UNION - WARD 2,WE2,3,0.36
Fayette,WEST UNION - WARD 3,WE3,4,0.48
Fayette,WESTFIELD TWP,WF,7,0.84
Floyd,Charles City Corp/CC1,CC1,14,1.5555555555555554
Floyd,Charles City Corp/CC2,CC2,17,1.8888888888888888
Floyd,Charles City Corp/CC3,CC3,15,1.6666666666666663
Floyd,Floyd-Cedar-Niles,FLCENI,8,0.8888888888888888
Floyd,Rockford-Ulster,RFUL,8,0.8888888888888888
Floyd,Rock Grove-Rudd,RGRU,13,1.4444444444444444
Floyd,St Charles-Riverton,SCRV,10,1.1111111111111112
Floyd,Scott-Union-Pleasant Grove,SCUNPG,5,0.5555555555555556
Franklin,GENEVA/ INGHAM/ EAST MOTT,GNIGEM,6,0.3333333333333333
Franklin,GRANT/ OSCEOLA,GROC,4,0.2222222222222222
Franklin,HAMILTON/ LEE/ REEVE,HLLERV,5,0.2777777777777778
Franklin,HAMPTON 1,HP1,8,0.4444444444444444
Franklin,HAMPTON 2,HP2,10,0.5555555555555556
Franklin,HAMPTON 3,HP3,12,0.6666666666666666
Franklin,HAMPTON 4,HP4,11,0.6111111111111109
Franklin,MARION,MA,5,0.2777777777777778
Franklin,OAKLAND/ MORGAN,OKMG,5,0.2777777777777778
Franklin,RICHLAND/ ROSS/ WEST FORK,RLRSWF,16,0.8888888888888888
Franklin,WEST MOTT TOWNSHIP,WMO,4,0.2222222222222222
Franklin,WISNER/ SCOTT,WRSC,4,0.2222222222222222
Fremont,Farragut,FG,8,0.6
Fremont,Green Riverside Scott,GNRSSC,11,0.825
Fremont,Hamburg/Washington,HB,7,0.525
Fremont,Riverton,RT,2,0.15
Fremont,Sidney,SN,12,0.8999999999999999
Greene,Central Precinct,CENTRAL,5,0.6
Greene,East Precinct,EAST,7,0.84
Greene,Jefferson 1 Precinct,J1,8,0.96
Greene,Jefferson 2 Precinct,J2,8,0.96
Greene,Jefferson 3 Precinct,J3,12,1.44
Greene,North Precinct,NORTH,6,0.72
Greene,West Precinct,WEST,4,0.48
Grundy,PRECINCT 1,P1,9,0.9
Grundy,PRECINCT 2,P2,3,0.30000000000000004
Grundy,PRECINCT 3,P3,4,0.4
Grundy,PRECINCT 4,P4,3,0.30000000000000004
Grundy,PRECINCT 5,P5,14,1.4
Grundy,PRECINCT 6,P6,13,1.3
Grundy,PRECINCT 7,P7,14,1.4
Guthrie,Black,1,5,0.4285714285714286
Guthrie,Blue,2,16,1.3714285714285714
Guthrie,Brown,3,6,0.5142857142857142
Guthrie,Gold,4,14,1.2
Guthrie,Green,5,8,0.6857142857142857
Guthrie,Purple,6,16,1.3714285714285714
Guthrie,White,7,3,0.2571428571428571
Guthrie,Red,8,2,0.17142857142857146
Hamilton,PCT 1 CASS FREEDOM FREMONT INDEPENDENCE,PCT 1,7,0.7000000000000001
Hamilton,PCT 2 BLAIRSBURG LIBERTY WILLIAMS,PCT 2,5,0.5
Hamilton,PCT 3 CLEAR LAKE HAMILTON MARION WEBSTER,PCT 3,11,1.1
Hamilton,PCT 4 LYON ELLSWORTH,PCT 4,12,1.2000000000000002
Hamilton,PCT 5 LINCOLN ROSE GROVE SCOTT,PCT 5,6,0.6000000000000001
Hamilton,Webster City 1,WC1,17,1.7000000000000002
Hamilton,Webster City 2,WC2,20,2.0
Hamilton,Webster City 3,WC3,12,1.2000000000000002
Hancock,Precinct 01,1,6,0.6000000000000001
Hancock,Precinct 10,10,2,0.2
Hancock,Precinct 02,2,2,0.2
Hancock,Precinct 03,3,2,0.2
Hancock,Precinct 04,4,10,1.0
Hancock,Precinct 05,5,1,0.1
Hancock,Precinct 06,6,17,1.7000000000000002
Hancock,Precinct 07,7,4,0.4
Hancock,Precinct 08,8,2,0.2
Hancock,Precinct 09,9,4,0.4
Hardin,Alden/Buckeye,AL,10,0.72
Hardin,Concord/Sherman/Grant/Tip,CC,16,1.1520000000000001
Hardin,Eldora/Pleasant/Prov/Unio,EL,12,0.8639999999999999
Hardin,Eldora City,ELC,17,1.224
Hardin,Etna/Clay,ET,17,1.224
Hardin,Hardin/Ellis/Jackson,HA,12,0.8639999999999999
Hardin,Iowa Falls #1,IF1,19,1.368
Hardin,Iowa Falls #2,IF2,22,1.584
Harrison,Precinct #06-Boyer/Lincoln,BO,3,0.28
Harrison,Precinct #03-Dunlap,HS,9,0.8400000000000001
Harrison,Precinct #02-Pisgah,JA,3,0.28
Harrison,Precinct #09-Jefferson/LaGrange,JF,3,0.28
Harrison,Precinct #10 - Logan,LO,8,0.7466666666666667
Harrison,Precinct #01-Little Sioux,LS,2,0.18666666666666668
Harrison,Precinct #05-Magnolia,MA,5,0.4666666666666667
Harrison,Precinct #04-Mondamin,MR,4,0.37333333333333335
Harrison,Precinct #12 - Missouri Valley,MV,14,1.3066666666666666
Harrison,Precinct #11 - St. John,SJ,7,0.6533333333333333
Harrison,Precinct #08-Modale,TA,5,0.4666666666666667
Harrison,Precinct #07 - Woodbine,WB,8,0.7466666666666667
Harrison,Precinct #13-Persia,WS,4,0.37333333333333335
Henry,Central Precinct,CE,20,1.3333333333333333
Henry,Mt. Pleasant Ward 1,MP1,16,1.0666666666666669
Henry,Mt. Pleasant Ward 2,MP2,18,1.2
Henry,Mt. Pleasant Ward 3,MP3,17,1.1333333333333333
Henry,Mt. Pleasant Ward 4,MP4,13,0.8666666666666667
Henry,Northeast Precinct,NE,13,0.8666666666666667
Henry,Northwest Precinct,NW,13,0.8666666666666667
Henry,Southeast Precinct,SE,30,2.0
Henry,Southwest Precinct,SW,10,0.6666666666666666
Howard,Afton/Howard/Paris,AF,6,0.8571428571428571
Howard,Albion/Forest City,AL,3,0.42857142857142855
Howard,Cresco 1 A,CR1A,2,0.2857142857142857
Howard,Vernon Springs,CR1B,5,0.7142857142857142
Howard,Cresco 2,CR2,6,0.8571428571428571
Howard,Cresco 3,CR3,5,0.7142857142857142
Howard,New Oregon,NO,3,0.42857142857142855
Howard,Jamestown/Oakdale,RJO,2,0.2857142857142857
Howard,Saratoga/Howard Ctr/Chest,SHC,3,0.42857142857142855
Humboldt,Avery-North Weaver,A-NW,3,0.26666666666666666
Humboldt,Delana-Wacousta-North Rutland,D-W-NR,3,0.26666666666666666
Humboldt,Dakota City-Grove,DC-GR,5,0.4444444444444445
Humboldt,Humboldt-West Vernon,H-WV,2,0.17777777777777778
Humboldt,Humboldt 1-Corinth-South Weaver,H1-C-SW,10,0.8888888888888891
Humboldt,Humboldt 2-Beaver-South Norway,H2-B-SN,9,0.8
Humboldt,Humboldt 3-South Rutland,H3-SR,10,0.8888888888888891
Humboldt,North Lake-East Vernon,NL-EV,2,0.17777777777777778
Humboldt,South Lake-North Norway,SL-NN,1,0.08888888888888889
Ida,City of Arthur,BL,2,0.3
Ida,City of Holstein,GG,6,0.8999999999999999
Ida,City of Galva,GV,1,0.15
Ida,Ida Grove Ward 1,IG1,2,0.3
Ida,Ida Grove Ward 2,IG2,2,0.3
Ida,Ida Grove Ward 3,IG3,3,0.45
Ida,City of Battle Creek &amp; Grant Township,MP,4,0.6
Iowa,Dayton/English I,DA,3,0.30000000000000004
Iowa,English II,EN,6,0.6000000000000001
Iowa,Fillmore/Greene,FM,8,0.8
Iowa,Honey Creek/Marengo Rural,HC,3,0.30000000000000004
Iowa,Hartford II/Lincoln,HL,6,0.6000000000000001
Iowa,Hartford I/Sumner,HS,3,0.30000000000000004
Iowa,Hilton/Washington,HT,8,0.8
Iowa,Lenox/Iowa,LX,20,2.0
Iowa,Marengo City,MR,14,1.4
Iowa,Pilot/Troy/York,PI,6,0.6000000000000001
Iowa,Williamsburg,WM,23,2.3000000000000003
Jackson,Jackson 01,1,13,2.2285714285714286
Jackson,Jackson 10,10,2,0.3428571428571429
Jackson,Jackson 11,11,2,0.3428571428571429
Jackson,Jackson 12,12,4,0.6857142857142857
Jackson,Jackson 13,13,3,0.5142857142857142
Jackson,Jackson 14,14,4,0.6857142857142857
Jackson,Jackson 15,15,5,0.8571428571428572
Jackson,Jackson 16,16,6,1.0285714285714285
Jackson,Jackson 02,2,3,0.5142857142857142
Jackson,Jackson 03,3,3,0.5142857142857142
Jackson,Jackson 04,4,4,0.6857142857142857
Jackson,Jackson 05,5,3,0.5142857142857142
Jackson,Jackson 06,6,4,0.6857142857142857
Jackson,Jackson 07,7,6,1.0285714285714285
Jackson,Jackson 08,8,3,0.5142857142857142
Jackson,Jackson 09,9,5,0.8571428571428572
Jasper,Colfax Ward 1,CF-1,4,0.46
Jasper,Colfax Ward 2,CF-2,5,0.5750000000000001
Jasper,Colfax Ward 3,CF-3,4,0.46
Jasper,Clear Creek/Poweshiek,CP,9,1.035
Jasper,Des Moines,DM,11,1.265
Jasper,Elk Creek/Lynngrove,EL,4,0.46
Jasper,Fairview,FV,13,1.495
Jasper,HG/K/RC/BV/RL,HR,17,1.955
Jasper,Indep/Malaka/Mariposa,IMM,12,1.38
Jasper,Mound Prairie/Washington,MW,6,0.6900000000000001
Jasper,Newton/Sherman,NS,13,1.495
Jasper,Newton 1-1,NT1-1,13,1.495
Jasper,Newton 1-2,NT1-2,10,1.15
Jasper,Newton 2-1,NT2-1,14,1.61
Jasper,Newton 2-2,NT2-2,11,1.265
Jasper,Newton 3-1,NT3-1,14,1.61
Jasper,Newton 3-2,NT3-2,10,1.15
Jasper,Newton 4-1,NT4-1,16,1.84
Jasper,Newton 4-2,NT4-2,9,1.035
Jasper,Palo Alto,PA,5,0.5750000000000001
Jefferson,Blackhawk-Polk-Packwood,BH-PO,1,0.21818181818181814
Jefferson,Buchanan Township,BU,2,0.4363636363636363
Jefferson,Center-Cedar-Maharishi Vedic City,CT,8,1.7454545454545454
Jefferson,Des Moines-Liberty-Libertyville,DM,1,0.21818181818181814
Jefferson,Fairfield 1st Ward,FF1,9,1.963636363636364
Jefferson,Fairfield 2nd Ward,FF2,11,2.4
Jefferson,Fairfield 3rd Ward,FF3,4,0.8727272727272727
Jefferson,Fairfield 4th Ward,FF4,8,1.7454545454545454
Jefferson,Fairfield 5th Ward,FF5,7,1.5272727272727271
Jefferson,Locust Grove-Batavia,LG,1,0.21818181818181814
Jefferson,Penn-Pleasant Plain,PN,1,0.21818181818181814
Jefferson,Lockridge-Round Prairie-Walnut-Lockridge City-Coppock,WLR,2,0.4363636363636363
Johnson,BIG GROVE TOWNSHIP,BG,4,1.62
Johnson,CLEAR CREEK/TIFFIN,CC,8,3.24
Johnson,CEDAR TOWNSHIP,CE,1,0.405
Johnson,CORALVILLE 01,CV.01,9,3.645000000000001
Johnson,CORALVILLE 02,CV.02,8,3.24
Johnson,CORALVILLE 03,CV.03,5,2.0250000000000004
Johnson,CORALVILLE 04,CV.04,7,2.835
Johnson,CORALVILLE 05,CV.05,7,2.835
Johnson,CORALVILLE 06,CV.06,10,4.050000000000002
Johnson,CORALVILLE 07,CV.07,9,3.645000000000001
Johnson,FREMONT-LINCOLN (INCLUDES,FR,4,1.62
Johnson,GRAHAM TOWNSHIP,GR,1,0.405
Johnson,HARDIN TOWNSHIP,HD,1,0.405
Johnson,HILLS,HS,2,0.81
Johnson,IOWA CITY 01,IC.01,12,4.86
Johnson,IOWA CITY 02,IC.02,10,4.050000000000002
Johnson,IOWA CITY 03,IC.03,7,2.835
Johnson,IOWA CITY 04,IC.04,10,4.050000000000002
Johnson,IOWA CITY 05,IC.05,9,3.645000000000001
Johnson,IOWA CITY 06,IC.06,11,4.455
Johnson,IOWA CITY 07,IC.07,8,3.24
Johnson,IOWA CITY 08,IC.08,10,4.050000000000002
Johnson,IOWA CITY 09,IC.09,9,3.645000000000001
Johnson,IOWA CITY 10/ELSW,IC.10,7,2.835
Johnson,IOWA CITY 11,IC.11,8,3.24
Johnson,IOWA CITY 12/EAST LUCAS SE,IC.12,9,3.645000000000001
Johnson,IOWA CITY 13,IC.13,7,2.835
Johnson,IOWA CITY 14,IC.14,9,3.645000000000001
Johnson,IOWA CITY 15,IC.15,6,2.43
Johnson,IOWA CITY 16,IC.16,11,4.455
Johnson,IOWA CITY 17,IC.17,12,4.86
Johnson,IOWA CITY 18,IC.18,12,4.86
Johnson,IOWA CITY 19,IC.19,7,2.835
Johnson,IOWA CITY 20,IC.20,9,3.645000000000001
Johnson,IOWA CITY 21,IC.21,10,4.050000000000002
Johnson,IOWA CITY 22,IC.22,8,3.24
Johnson,IOWA CITY 23,IC.23,12,4.86
Johnson,IOWA CITY 24,IC.24,12,4.86
Johnson,JEFFERSON EAST/SHUEYVILLE,JE,5,2.0250000000000004
Johnson,JW/MN/SW,JW,5,2.0250000000000004
Johnson,LIBERTY-PLEASANT VALLEY,LB,2,0.81
Johnson,NORTH LIBERTY 01,NL.01,7,2.835
Johnson,NORTH LIBERTY 02,NL.02,7,2.835
Johnson,NORTH LIBERTY 03 (PW),NL.03,9,3.645000000000001
Johnson,NORTH LIBERTY 04,NL.04,6,2.43
Johnson,NORTH LIBERTY 05,NL.05,6,2.43
Johnson,NL06/MADISON /CCN,NL.06,11,4.455
Johnson,NEWPORT TOWNSHIP,NP,7,2.835
Johnson,OXFORD TOWNSHIP/OXFORD,OX,3,1.215
Johnson,PENN/ EAST LUCAS NORTH,PN,10,4.050000000000002
Johnson,SCOTT TWP-WEST BRANCH,SC,4,1.62
Johnson,SHARON TOWNSHIP,SN,1,0.405
Johnson,SOLON,SO,6,2.43
Johnson,UNION TOWNSHIP,UH,4,1.62
Johnson,UNIVERSITY HEIGHTS,UN,2,0.81
Johnson,WASHINGTON TOWNSHIP,WL,3,1.215
Johnson,WEST LUCAS TOWNSHIP,WS,1,0.405
Jones,ANN-ANAMOSA NORTH/CASS,ANN,9,1.44
Jones,ANS-ANAMOSA SOUTH/JACKSON,ANS,13,2.08
Jones,CGLW-CASTLE GRV/LOV/WAYN,CGLW,8,1.28
Jones,FV-FAIRVIEW,FV,8,1.28
Jones,GF-GREENFIELD,GF,3,0.48
Jones,MN1-MONTICELLO 1,MN1,4,0.64
Jones,MN2-MONTICELLO 2,MN2,4,0.64
Jones,MN3-MONTICELLO 3,MN3,4,0.64
Jones,MN4-MONTICELLO 4,MN4,4,0.64
Jones,OX-OXFORD,OX,2,0.32
Jones,RLWS-RICHLAND WASHINGTON,RLWS,4,0.64
Jones,ROHA-ROME/HALE,ROHA,5,0.8
Jones,SGMC-SC GRV/MADISON/CLAY,SGMC,4,0.64
Jones,WY-WYOMING,WY,3,0.48
Keokuk,Adams,AD,2,0.22857142857142854
Keokuk,Benton/Steady Run,BN,3,0.3428571428571429
Keokuk,English River/Liberty,ER,4,0.4571428571428571
Keokuk,Jackson,JA,1,0.11428571428571427
Keokuk,East/West Lancaster,LC,1,0.11428571428571427
Keokuk,Lafayette/Clear Creek,LF/CC,6,0.6857142857142857
Keokuk,Prairie,PR,1,0.11428571428571427
Keokuk,Richland,RL,2,0.22857142857142854
Keokuk,Sigourney 1st Ward,SG1,2,0.22857142857142854
Keokuk,Sigourney 2nd Ward,SG2,2,0.22857142857142854
Keokuk,Sigourney 3rd Ward,SG3,2,0.22857142857142854
Keokuk,Sigourney 4th Ward,SG4,2,0.22857142857142854
Keokuk,Sigourney/Plank/Van Buren,SGR,3,0.3428571428571429
Keokuk,What Cheer/Washington,WC,3,0.3428571428571429
Keokuk,Warren,WN,1,0.11428571428571427
Kossuth,AL1,AL1,9,0.8
Kossuth,AL2,AL2,12,1.0666666666666669
Kossuth,AL3,AL3,10,0.8888888888888891
Kossuth,AL4,AL4,8,0.7111111111111111
Kossuth,BF- PT,BF,5,0.4444444444444445
Kossuth,BT- FT- UN,BT,8,0.7111111111111111
Kossuth,CR- IV- RV,CR,6,0.5333333333333333
Kossuth,CR 1,CR 1,1,0.08888888888888889
Kossuth,CR 2,CR 2,2,0.17777777777777778
Kossuth,EG- GT- HS- SW,EG,5,0.4444444444444445
Kossuth,GF- WM,GF,4,0.3555555555555556
Kossuth,GM- RM,GM,5,0.4444444444444445
Kossuth,GW- SN,GW,1,0.08888888888888889
Kossuth,HB- LY- LN- SF,HB,4,0.3555555555555556
Kossuth,IV- PC,IV,1,0.08888888888888889
Kossuth,LC,LC,1,0.08888888888888889
Kossuth,LV- SM,LV,2,0.17777777777777778
Kossuth,PC,PC,1,0.08888888888888889
Kossuth,PR- WL,PR,4,0.3555555555555556
Kossuth,UN,UN,1,0.08888888888888889
Lee,Charleston/DSM/Van Buren,CH VB,6,0.8400000000000001
Lee,Fort Madison 1,FM1,5,0.7000000000000001
Lee,Fort Madison 2,FM2,9,1.2600000000000002
Lee,Fort Madison 3,FM3,11,1.54
Lee,Fort Madison 4,FM4A,11,1.54
Lee,,FM4B,0,0.0
Lee,Fort Madison 5,FM5,12,1.6800000000000002
Lee,Franklin/Cedar/Marion/Harison,FR CE,10,1.4
Lee,,HR,0,0.0
Lee,Jefferson,JF,4,0.56
Lee,Jackson,JK,7,0.98
Lee,Keokuk 1,KE1,5,0.7000000000000001
Lee,Keokuk 2,KE2A,5,0.7000000000000001
Lee,,KE2B,0,0.0
Lee,Keokuk 3,KE3,6,0.8400000000000001
Lee,Keokuk 4,KE4,6,0.8400000000000001
Lee,Keokuk 5,KE5,8,1.12
Lee,Keokuk 6,KE6,7,0.98
Lee,Keokuk 7,KE7,8,1.12
Lee,Montrose,MO,7,0.98
Lee,West Point/Pleasant Ridge/Denmark,WPPRDN,13,1.8200000000000005
Lee,Green Bay/Washington,WS GB,10,1.4
Linn,Cedar Rapids 01,CR01,5,2.1976744186046506
Linn,Cedar Rapids 02,CR02,5,2.1976744186046506
Linn,Cedar Rapids 03,CR03,5,2.1976744186046506
Linn,Cedar Rapids 04,CR04,5,2.1976744186046506
Linn,Cedar Rapids 05,CR05,6,2.6372093023255814
Linn,Cedar Rapids 06,CR06,6,2.6372093023255814
Linn,Cedar Rapids 07,CR07,4,1.7581395348837208
Linn,Cedar Rapids 08,CR08,5,2.1976744186046506
Linn,Cedar Rapids 09,CR09,5,2.1976744186046506
Linn,Cedar Rapids 10,CR10,7,3.076744186046512
Linn,Cedar Rapids 11,CR11,6,2.6372093023255814
Linn,Cedar Rapids 12,CR12,8,3.5162790697674415
Linn,Cedar Rapids 13,CR13,6,2.6372093023255814
Linn,Cedar Rapids 14,CR14,6,2.6372093023255814
Linn,Cedar Rapids 15,CR15,5,2.1976744186046506
Linn,Cedar Rapids 16,CR16,6,2.6372093023255814
Linn,Cedar Rapids 17,CR17,6,2.6372093023255814
Linn,Cedar Rapids 18,CR18,4,1.7581395348837208
Linn,Cedar Rapids 19,CR19,7,3.076744186046512
Linn,Cedar Rapids 20,CR20,7,3.076744186046512
Linn,Cedar Rapids 21,CR21,7,3.076744186046512
Linn,Cedar Rapids 22,CR22,4,1.7581395348837208
Linn,Cedar Rapids 23,CR23,6,2.6372093023255814
Linn,Cedar Rapids 24,CR24,8,3.5162790697674415
Linn,Cedar Rapids 25,CR25,9,3.955813953488372
Linn,Cedar Rapids 26,CR26,9,3.955813953488372
Linn,Cedar Rapids 27,CR27,5,2.1976744186046506
Linn,Cedar Rapids 28,CR28,7,3.076744186046512
Linn,Cedar Rapids 29,CR29,6,2.6372093023255814
Linn,Cedar Rapids 30,CR30,7,3.076744186046512
Linn,Cedar Rapids 31,CR31,8,3.5162790697674415
Linn,Cedar Rapids 32,CR32,6,2.6372093023255814
Linn,Cedar Rapids 33,CR33,6,2.6372093023255814
Linn,Cedar Rapids 34,CR34,6,2.6372093023255814
Linn,Cedar Rapids 35,CR35,6,2.6372093023255814
Linn,Cedar Rapids 36,CR36,8,3.5162790697674415
Linn,Cedar Rapids 37,CR37,7,3.076744186046512
Linn,Cedar Rapids 38,CR38,5,2.1976744186046506
Linn,Cedar Rapids 39,CR39,8,3.5162790697674415
Linn,Cedar Rapids 40,CR40,5,2.1976744186046506
Linn,Cedar Rapids 41,CR41,7,3.076744186046512
Linn,Cedar Rapids 42,CR42,5,2.1976744186046506
Linn,Cedar Rapids 43,CR43,4,1.7581395348837208
Linn,Cedar Rapids 44,CR44,3,1.318604651162791
Linn,Fairfax City,FAI,5,2.1976744186046506
Linn,Hiawatha 1,HIA01,6,2.6372093023255814
Linn,Hiawatha 2,HIA02,4,1.7581395348837208
Linn,Hiawatha 3,HIA03,2,0.8790697674418605
Linn,Hiawatha4,HIA04,1,0.4395348837209303
Linn,Marion 01,MR01,5,2.1976744186046506
Linn,Marion 02,MR02,3,1.318604651162791
Linn,Marion 03,MR03,5,2.1976744186046506
Linn,Marion 04,MR04,4,1.7581395348837208
Linn,Marion 05,MR05,8,3.5162790697674415
Linn,Marion 06,MR06,7,3.076744186046512
Linn,Marion 07,MR07,6,2.6372093023255814
Linn,Marion 08,MR08,6,2.6372093023255814
Linn,Marion 09,MR09,5,2.1976744186046506
Linn,Marion 10,MR10,5,2.1976744186046506
Linn,Marion 11,MR11,6,2.6372093023255814
Linn,Marion 12,MR12,3,1.318604651162791
Linn,Marion 13,MR13,6,2.6372093023255814
Linn,Marion 14,MR14,4,1.7581395348837208
Linn,Mount Vernon north,MVN,4,1.7581395348837208
Linn,Mount Vernon South,MVS,7,3.076744186046512
Linn,Robins,ROB,6,2.6372093023255814
Linn,Bertram,TBER,7,3.076744186046512
Linn,Boulder,TBOU,1,0.4395348837209303
Linn,Brown,TBRO,3,1.318604651162791
Linn,Buffalo,TBUF,1,0.4395348837209303
Linn,Clinton,TCLI,2,0.8790697674418605
Linn,College,TCOL,1,0.4395348837209303
Linn,Fairfax Township,TFAI,3,1.318604651162791
Linn,Fayette,TFAY,2,0.8790697674418605
Linn,Franklin,TFRA,6,2.6372093023255814
Linn,Grant,TGRA,2,0.8790697674418605
Linn,Jackson,TJAC,2,0.8790697674418605
Linn,Linn,TLIN,1,0.4395348837209303
Linn,Maine,TMAI,3,1.318604651162791
Linn,Marion township,TMAR,2,0.8790697674418605
Linn,Monroe 1,TMON1,3,1.318604651162791
Linn,Monroe 2,TMON2,3,1.318604651162791
Linn,Otter Creek,TOTT,2,0.8790697674418605
Linn,Putnam,TPUT,5,2.1976744186046506
Linn,Spring Grove,TSPR,1,0.4395348837209303
Linn,Washington,TWAS,6,2.6372093023255814
Louisa,Columbus Junction,CJ,9,0.9
Louisa,Grandview-Port Louisa,GV,9,0.9
Louisa,Morning Sun - Marshall,MS,6,0.6000000000000001
Louisa,Southeast Louisa,SEL,15,1.5
Louisa,West Louisa,WL,11,1.1
Lucas,Chariton Precinct 1,C1,14,1.018181818181818
Lucas,Chariton Precinct 2,C2,13,0.9454545454545454
Lucas,Lucas-Extension Office Precinct,EX,4,0.2909090909090909
Lucas,Lucas,LC,6,0.4363636363636363
Lucas,Pine Oak Marsh,POM,5,0.3636363636363637
Lucas,City of Russell- Cedar and Washington Townships,RS,6,0.4363636363636363
Lucas,Williamson,WM,7,0.509090909090909
Lyon,PCT 1 GEORGE,P1,5,0.5
Lyon,PCT 2 DOON,P2,2,0.2
Lyon,PCT 3 INWOOD,P3,3,0.30000000000000004
Lyon,PCT 4 LARCHWOOD,P4,7,0.7000000000000001
Lyon,PCT 5 LESTER,P5,2,0.2
Lyon,PCT 6 LITTLE ROCK,P6,1,0.1
Lyon,PCT 7 ROCK RAPIDS,P7,4,0.4
Lyon,PCT 8 ROCK RAPIDS,P8,6,0.6000000000000001
Madison,Grand River-Monroe-Webster,GMW,3,0.36
Madison,Jackson-Douglas-Lincoln,JDL,6,0.72
Madison,Jefferson-Lee,JL,7,0.84
Madison,Penn-Madison,PM,10,1.2
Madison,South,S,7,0.84
Madison,Union-Crawford-Scott,UCS,11,1.3199999999999998
Madison,Walnut-Ohio,WO,5,0.6
Madison,Winterset 1,WT1,13,1.56
Madison,Winterset 2,WT2,13,1.56
Mahaska,ADAMS - MONROE - PLEASANT GROVE - UNION,AD,2,0.32
Mahaska,BLACK OAK SCOTT,BO,2,0.32
Mahaska,CEDAR - HARRISON - WHITE OAK,CE,4,0.64
Mahaska,E&amp;W DES MOINES - JEFFERSON,ED,2,0.32
Mahaska,GARFIELD-LINCOLN-MADISON,GF,3,0.48
Mahaska,OSKALOOSA WARD 1,OS1,6,0.96
Mahaska,OSKALOOSA WARD 2,OS2,7,1.12
Mahaska,OSKALOOSA WARD 3 - UNIVERSITY PARK,OS3,9,1.44
Mahaska,OSKALOOSA WARD 4,OS4,8,1.28
Mahaska,PRAIRIE - RICHLAND,PR,4,0.64
Mahaska,SPRING CREEK,SP,3,0.48
Marion,Clay,CL,2,0.36
Marion,Dallas,DA,6,1.08
Marion,Indiana Township,IN,2,0.36
Marion,Knoxville 1,KX1,6,1.08
Marion,Knoxville 2,KX2,6,1.08
Marion,Knoxville 3,KX3,9,1.62
Marion,Knoxville 4,KX4,5,0.8999999999999999
Marion,Knoxville Township,KXT,9,1.62
Marion,Liberty,LB,2,0.36
Marion,Lake Prairie Township,LP,5,0.8999999999999999
Marion,Otley,OTLEY,6,1.08
Marion,Pella 1,PE1,7,1.26
Marion,Pella 2,PE2,7,1.26
Marion,Pella 3,PE3,8,1.44
Marion,Pella 4,PE4,6,1.08
Marion,Pleasantville,PVLLE,12,2.16
Marion,Washington Township,WS,2,0.36
Marshall,BANGOR/LISCOMB,1 BA-LS,3,0.48
Marshall,MARSHALLTOWN 1-2,10 1-2,9,1.44
Marshall,MARSHALLTOWN 2-1,11 2-1,12,1.92
Marshall,MARSHALLTOWN 2-2,12 2-2,15,2.4
Marshall,MARSHALLTOWN 3-1,13 3-1,14,2.24
Marshall,MARSHALLTOWN 3-2,14 3-2,18,2.88
Marshall,MARSHALLTOWN 4-1,15 4-1,13,2.08
Marshall,MARSHALLTOWN 4-2,16 4-2,14,2.24
Marshall,STATE CENTER,17 SC,7,1.12
Marshall,TAYLOR,18 TA,5,0.8
Marshall,TIMBER CREEK,19 TC,4,0.64
Marshall,EDEN / LOGAN,2 ED-LO,7,1.12
Marshall,GREEN CASTLE,3 GC,3,0.48
Marshall,JEFFERSON,4 JF,3,0.48
Marshall,LEGRAND,5 LG,6,0.96
Marshall,LIBERTY / MINERVA,6 LB-MI,2,0.32
Marshall,MARIETTA / WASHINGTON,7 MA-WA,2,0.32
Marshall,MARION / VIENNA,8 MR-VI,4,0.64
Marshall,MARSHALLTOWN 1-1,9 1-1,9,1.44
Mills,Deer Creek/White Cloud,DR,1,0.15555555555555556
Mills,Emerson/Hastings/Indian Creek,EM,2,0.3111111111111111
Mills,Glenwood Ward 1,GW1,5,0.7777777777777778
Mills,Glenwood Ward 2,GW2,5,0.7777777777777778
Mills,Glenwood Ward 3,GW3,7,1.088888888888889
Mills,Glenwood Township,GWR,4,0.6222222222222222
Mills,Henderson/Anderson,HN,1,0.15555555555555556
Mills,Malvern/Tabor/Center Twp/Rawles Twp/Silver Creek,MV,8,1.2444444444444445
Mills,Oak/St. Mary,OK,8,1.2444444444444445
Mills,Pacific Junction/Lyons/Platville,PJ,3,0.4666666666666667
Mills,Silver City/Ingraham,SV,1,0.15555555555555556
Mitchell,Mitchell 10,10,5,0.375
Mitchell,Mitchell 11,11,3,0.225
Mitchell,Mitchell 12,12,2,0.15
Mitchell,Mitchell 5,5,4,0.3
Mitchell,Mitchell 6,6,8,0.6
Mitchell,Mitchell 7,7,9,0.6749999999999999
Mitchell,Mitchell 8,8,7,0.525
Mitchell,Mitchell 9,9,12,0.8999999999999999
Mitchell,OSAGE 01 (Mitchell 5),OS1,8,0.6
Mitchell,OSAGE 02 (Mitchell 6),OS2,6,0.45
Mitchell,OSAGE 03 (Mitchell 7),OS3,7,0.525
Mitchell,OSAGE 04 (Mitchell 8),OS4,9,0.6749999999999999
Monona,ASHTON BELVIDERE KENNEBEC LINCOLN FRANKLIN TURIN,AS001,8,0.4
Monona,CASTANA CENTER JORDAN,CN002,4,0.2
Monona,COOPER MAPLE MAPLETON,CP003,15,0.75
Monona,FAIRVIEW GRANT LAKE RODNEY WEST FORK WHITING,FV004,11,0.55
Monona,MOORHEAD SOLDIER SOLDIER CITY SPRING VALLEY WILLOW,MH005,7,0.35000000000000003
Monona,ONAWA Ward 1,ON106,6,0.30000000000000004
Monona,ONAWA Ward 2- NE Franklin,ON207,7,0.35000000000000003
Monona,ONAWA Ward 3,ON308,7,0.35000000000000003
Monona,ONAWA Ward 4,ON409,5,0.25
Monona,SHERMAN SE FRANKLIN BLENCOE SIOUX,SH010,6,0.30000000000000004
Monona,ST CLAIR UTE,STC11,4,0.2
Monroe,No. 1-Albia First Ward,AL1,10,0.4615384615384616
Monroe,No. 2-Albia Second Ward,AL2,6,0.2769230769230769
Monroe,No. 3-Albia Third Ward,AL3,8,0.3692307692307693
Monroe,No. 4-Albia Fourth Ward,AL4,9,0.4153846153846154
Monroe,CTHSE - Monroe Precinct 5,CTHSE,17,0.7846153846153847
Monroe,LOVILIA - Monroe Precinct 6,LOVILIA,9,0.4153846153846154
Monroe,MELROSE - Monroe Precinct 7,MELROSE,6,0.2769230769230769
Montgomery,WARD1 PILOT GROVE FRANKFORT RO TWP,1,10,0.8
Montgomery,WARD2 SHERMAN RO TWP,2,10,0.8
Montgomery,WARD3 SHERMAN PILOT GROVE FRANKFORT RO TWP,3,12,0.96
Montgomery,4 GRFLD LNCLN SHER PILOT GROVE TWP ELLIOTT,4,3,0.24
Montgomery,5 PILOT GROVE FRANKFORT DOUGLAS WASH TWP GRANT,5,3,0.24
Montgomery,6 WEST GRANT SCOTT TWP COBURG STANTON,6,5,0.4
Montgomery,7 SCOTT EAST TWP VILLISCA,7,7,0.56
Muscatine,Seventy-Six/Cedar-Seventy,76CE,3,0.5
Muscatine,Bloomington,BL,9,1.5
Muscatine,Fruitland One-City,F1,4,0.6666666666666666
Muscatine,Fruitland Two/Lake-Fruitl,F2LA,3,0.5
Muscatine,Fulton/Montpelier-City,FUMO,5,0.8333333333333333
Muscatine,Goshen-City,GO,2,0.3333333333333333
Muscatine,Muscatine 01st,MU01,11,1.8333333333333333
Muscatine,Muscatine 02nd,MU02,8,1.3333333333333333
Muscatine,Muscatine 03rd,MU03,8,1.3333333333333333
Muscatine,Muscatine 04th,MU04,7,1.1666666666666663
Muscatine,Muscatine 05th,MU05,7,1.1666666666666663
Muscatine,Muscatine 06th,MU06,11,1.8333333333333333
Muscatine,Muscatine 07th,MU07,7,1.1666666666666663
Muscatine,Muscatine 08th,MU08,6,1.0
Muscatine,Muscatine 09th,MU09,9,1.5
Muscatine,Muscatine 10th,MU10,9,1.5
Muscatine,Orono-City,OR,1,0.16666666666666666
Muscatine,Pike-City,PI,2,0.3333333333333333
Muscatine,Sweetland,SW,6,1.0
Muscatine,Wilton City,WC,10,1.6666666666666663
Muscatine,West Liberty 2,WL2,7,1.1666666666666663
Muscatine,West Liberty/Wapsie-WL1 C,WLWA,12,2.0
Muscatine,Wilton/Moscow-Wilton,WTMW,3,0.5
O'Brien,Carroll-Floyd,P1,2,0.14545454545454545
O'Brien,Franklin,P2,4,0.2909090909090909
O'Brien,Hartley-Lincoln-Omega,P3,11,0.7999999999999999
O'Brien,Sheldon 1st Ward,P4,7,0.509090909090909
O'Brien,Sheldon 2nd Ward,P5,5,0.3636363636363637
O'Brien,Sheldon 3rd Ward,P6,5,0.3636363636363637
O'Brien,Summit-Center-Dale-Highland,P7,8,0.5818181818181818
O'Brien,Union-Baker-Caledonia,P8,7,0.509090909090909
O'Brien,Waterman-Grant-Liberty,P9,6,0.4363636363636363
Osceola,Ashton Precinct 0100,AT,3,0.30000000000000004
Osceola,Harris Precinct 0200,HA,1,0.1
Osceola,May City Precint 0300,MC,2,0.2
Osceola,Melvin Precinct 0400,MV,2,0.2
Osceola,Osceola 1 Precinct 0600,OS1,4,0.4
Osceola,Osceola 2 Precinct 0700,OS2,7,0.7000000000000001
Osceola,Osceola 3 Precinct 0800,OS3,8,0.8
Osceola,Ocheyedan Precinct 0500,OX,3,0.30000000000000004
Page,Clarinda Ward 1,CL1,9,0.72
Page,Clarinda Ward 2,CL2,17,1.36
Page,Am-Bu-ER-Doug-Har-Neb-Nod-Val-Brad-CS-He-Sh-Yt,ER,10,0.8
Page,Cx-Gr-Linc-Mort-Tarkio-Wash-Blan-Coin-Nboro,GT,7,0.56
Page,"Pierce and Fremont Townships, Essex",PC,5,0.4
Page,Shenandoah 1,SD1,6,0.48
Page,Shenandoah 2,SD2,10,0.8
Page,Shenandoah 3,SD3,11,0.88
Palo Alto,Emmetsburg Ward 1,EM1,8,0.6666666666666666
Palo Alto,Emmetsburg Ward 2,EM2,8,0.6666666666666666
Palo Alto,EM Ward 3/Ayrshire/pt. HL&amp;WL&amp;EM,EM3,13,1.0833333333333333
Palo Alto,EM Ward 4/FV/FR/VN/pt. EM,EM4,12,1.0
Palo Alto,GR/RV/LI/pt. HL&amp;WL,GR RV,11,0.9166666666666666
Palo Alto,City of WB/EL/RL/BO/GO/NV,WB,8,0.6666666666666666
Plymouth,Plymouth 01/Ak,AK,3,0.675
Plymouth,Plymouth 04/Bv,BV,2,0.45
Plymouth,Plymouth 09/Ht,HT,4,0.9
Plymouth,Plymouth 10/Kl,KL,3,0.675
Plymouth,Plymouth 11/Le Mars 1,LM11,6,1.35
Plymouth,Plymouth 12/Le Mars 2,LM12,6,1.35
Plymouth,Plymouth 13/Le Mars 3,LM13,4,0.9
Plymouth,Plymouth 07/Mr,MR,3,0.675
Plymouth,Plymouth 02/Mrhg,MRHG,1,0.225
Plymouth,Plymouth 08/Py,PY,3,0.675
Plymouth,Plymouth 05/Rm,RM,3,0.675
Plymouth,Plymouth 03/Sb,SB,1,0.225
Plymouth,Plymouth 06/Wf,WF,1,0.225
Pocahontas,Bellville-Lizard-S Lake-S Lincoln,BV,3,0.18
Pocahontas,Cedar-Colfax-Dover,CD,8,0.48
Pocahontas,DSM-Cummins-Pow-N Garf-N Sherm-N Roose,DM,9,0.54
Pocahontas,Grant-S Marshall-S Sherman,GT,2,0.12
Pocahontas,Pocahontas #1,PH1,14,0.84
Pocahontas,Pocahontas #2,PH2,5,0.3
Pocahontas,Swan Lake-N Marshall,SW,9,0.54
Polk,ALLEMAN-01,ALLEMAN,2,0.5596002855103498
Polk,ALLEN-01,ALLEN 1,1,0.2798001427551749
Polk,ALTOONA-01,ALT 1,5,1.3990007137758744
Polk,ALTOONA-02,ALT 2,9,2.5182012847965742
Polk,ALTOONA-03,ALT 3,12,3.3576017130620985
Polk,ALTOONA-04,ALT 4,10,2.798001427551749
Polk,ALTOONA-05,ALT 5,11,3.077801570306924
Polk,ANKENY-01,ANK 01,19,5.316202712348323
Polk,ANKENY-02,ANK 02,10,2.798001427551749
Polk,ANKENY-03,ANK 03,9,2.5182012847965742
Polk,ANKENY-04,ANK 04,9,2.5182012847965742
Polk,ANKENY-05,ANK 05,10,2.798001427551749
Polk,ANKENY-06,ANK 06,10,2.798001427551749
Polk,ANKENY-07,ANK 07,8,2.2384011420413987
Polk,ANKENY-08,ANK 08,10,2.798001427551749
Polk,ANKENY-09,ANK 09,10,2.798001427551749
Polk,ANKENY-10,ANK 10,8,2.2384011420413987
Polk,ANKENY-11,ANK 11,9,2.5182012847965742
Polk,ANKENY-12,ANK 12,17,4.756602426837972
Polk,ANKENY-13,ANK 13,14,3.9172019985724487
Polk,ANKENY-14,ANK 14,10,2.798001427551749
Polk,ANKENY-15,ANK 15,9,2.5182012847965742
Polk,BONDURANT-01,BOND 1,6,1.6788008565310495
Polk,BONDURANT-02,BOND 2,7,1.9586009992862243
Polk,CLAY-01,CLAY 1,3,0.8394004282655247
Polk,CLIVE-01,CLIVE 1,6,1.6788008565310495
Polk,CLIVE-02,CLIVE 2,9,2.5182012847965742
Polk,CLIVE-03,CLIVE 3,11,3.077801570306924
Polk,CLIVE-04,CLIVE 4,10,2.798001427551749
Polk,CROCKER-01,CROCK 1,6,1.6788008565310495
Polk,CROCKER-02,CROCK 2,4,1.1192005710206996
Polk,DELAWARE-01,DEL 1,5,1.3990007137758744
Polk,DELAWARE-02,DEL 2,2,0.5596002855103498
Polk,DES MOINES-01,DM 001,4,1.1192005710206996
Polk,DES MOINES-02,DM 002,7,1.9586009992862243
Polk,DES MOINES-03,DM 003,9,2.5182012847965742
Polk,DES MOINES-04,DM 004,6,1.6788008565310495
Polk,DES MOINES-05,DM 005,4,1.1192005710206996
Polk,DES MOINES-06,DM 006,5,1.3990007137758744
Polk,DES MOINES-07,DM 007,9,2.5182012847965742
Polk,DES MOINES-08,DM 008,6,1.6788008565310495
Polk,DES MOINES-09,DM 009,9,2.5182012847965742
Polk,DES MOINES-10,DM 010,10,2.798001427551749
Polk,DES MOINES-11,DM 011,11,3.077801570306924
Polk,DES MOINES-12,DM 012,5,1.3990007137758744
Polk,DES MOINES-13,DM 013,6,1.6788008565310495
Polk,DES MOINES-14,DM 014,6,1.6788008565310495
Polk,DES MOINES-15,DM 015,16,4.4768022840827975
Polk,DES MOINES-16,DM 016,15,4.197002141327624
Polk,DES MOINES-17,DM 017,6,1.6788008565310495
Polk,DES MOINES-18,DM 018,5,1.3990007137758744
Polk,DES MOINES-19,DM 019,4,1.1192005710206996
Polk,DES MOINES-20,DM 020,8,2.2384011420413987
Polk,DES MOINES-21,DM 021,9,2.5182012847965742
Polk,DES MOINES-22,DM 022,8,2.2384011420413987
Polk,DES MOINES-23,DM 023,7,1.9586009992862243
Polk,DES MOINES-24,DM 024,4,1.1192005710206996
Polk,DES MOINES-25,DM 025,6,1.6788008565310495
Polk,DES MOINES-26,DM 026,8,2.2384011420413987
Polk,DES MOINES-27,DM 027,5,1.3990007137758744
Polk,DES MOINES-28,DM 028,10,2.798001427551749
Polk,DES MOINES-29,DM 029,7,1.9586009992862243
Polk,DES MOINES-30,DM 030,6,1.6788008565310495
Polk,DES MOINES-31,DM 031,7,1.9586009992862243
Polk,DES MOINES-32,DM 032,7,1.9586009992862243
Polk,DES MOINES-33,DM 033,6,1.6788008565310495
Polk,DES MOINES-34,DM 034,3,0.8394004282655247
Polk,DES MOINES-35,DM 035,4,1.1192005710206996
Polk,DES MOINES-36,DM 036,8,2.2384011420413987
Polk,DES MOINES-37,DM 037,7,1.9586009992862243
Polk,DES MOINES-38,DM 038,6,1.6788008565310495
Polk,DES MOINES-39,DM 039,15,4.197002141327624
Polk,DES MOINES-40,DM 040,7,1.9586009992862243
Polk,DES MOINES-41,DM 041,17,4.756602426837972
Polk,DES MOINES-42,DM 042,13,3.6374018558172736
Polk,DES MOINES-43,DM 043,11,3.077801570306924
Polk,DES MOINES-44,DM 044,12,3.3576017130620985
Polk,DES MOINES-45,DM 045,6,1.6788008565310495
Polk,DES MOINES-46,DM 046,6,1.6788008565310495
Polk,DES MOINES-47,DM 047,8,2.2384011420413987
Polk,DES MOINES-48,DM 048,2,0.5596002855103498
Polk,DES MOINES-49,DM 049,3,0.8394004282655247
Polk,DES MOINES-50,DM 050,8,2.2384011420413987
Polk,DES MOINES-51,DM 051,5,1.3990007137758744
Polk,DES MOINES-52,DM 052,5,1.3990007137758744
Polk,DES MOINES-53,DM 053,4,1.1192005710206996
Polk,DES MOINES-54,DM 054,4,1.1192005710206996
Polk,DES MOINES-55,DM 055,14,3.9172019985724487
Polk,DES MOINES-56,DM 056,13,3.6374018558172736
Polk,DES MOINES-57,DM 057,8,2.2384011420413987
Polk,DES MOINES-58,DM 058,11,3.077801570306924
Polk,DES MOINES-59,DM 059,11,3.077801570306924
Polk,DES MOINES-60,DM 060,10,2.798001427551749
Polk,DES MOINES-61,DM 061,10,2.798001427551749
Polk,DES MOINES-62,DM 062,19,5.316202712348323
Polk,DES MOINES-63,DM 063,11,3.077801570306924
Polk,DES MOINES-64,DM 064,8,2.2384011420413987
Polk,DES MOINES-65,DM 065,11,3.077801570306924
Polk,DES MOINES-66,DM 066,12,3.3576017130620985
Polk,DES MOINES-67,DM 067,2,0.5596002855103498
Polk,DES MOINES-68,DM 068,5,1.3990007137758744
Polk,DES MOINES-69,DM 069,8,2.2384011420413987
Polk,DES MOINES-70,DM 070,6,1.6788008565310495
Polk,DES MOINES-71,DM 071,10,2.798001427551749
Polk,DES MOINES-72,DM 072,1,0.2798001427551749
Polk,DES MOINES-73,DM 073,9,2.5182012847965742
Polk,DES MOINES-74,DM 074,4,1.1192005710206996
Polk,DES MOINES-75,DM 075,7,1.9586009992862243
Polk,DES MOINES-76,DM 076,7,1.9586009992862243
Polk,DES MOINES-77,DM 077,6,1.6788008565310495
Polk,DES MOINES-78,DM 078,7,1.9586009992862243
Polk,DES MOINES-79,DM 079,8,2.2384011420413987
Polk,DES MOINES-80,DM 080,10,2.798001427551749
Polk,DES MOINES-81,DM 081,7,1.9586009992862243
Polk,DES MOINES-82,DM 082,6,1.6788008565310495
Polk,DES MOINES-83,DM 083,8,2.2384011420413987
Polk,DES MOINES-84,DM 084,5,1.3990007137758744
Polk,DOUGLAS-01,DOUGLAS,3,0.8394004282655247
Polk,ELKHART-01,ELKHART,4,1.1192005710206996
Polk,FOUR MILE-01,FOUR MI,6,1.6788008565310495
Polk,FRANKLIN-01,FRANKLI,4,1.1192005710206996
Polk,GRANGER-01,GRANGER,1,0.2798001427551749
Polk,GRIMES-01,GRIMES1,13,3.6374018558172736
Polk,GRIMES-02,GRIMES2,11,3.077801570306924
Polk,GRIMES-03,GRIMES3,7,1.9586009992862243
Polk,JEFFERSON-01,JEFF 1,5,1.3990007137758744
Polk,JOHNSTON-01,JOHN 1,12,3.3576017130620985
Polk,JOHNSTON-02,JOHN 2,12,3.3576017130620985
Polk,JOHNSTON-03,JOHN 3,8,2.2384011420413987
Polk,JOHNSTON-04,JOHN 4,10,2.798001427551749
Polk,JOHNSTON-05,JOHN 5,16,4.4768022840827975
Polk,JOHNSTON-06,JOHN 6,6,1.6788008565310495
Polk,MADISON-01,MADISON,1,0.2798001427551749
Polk,MITCHELLVILLE-01,MITCHEL,6,1.6788008565310495
Polk,PLEASANT HILL-01,PH 1,9,2.5182012847965742
Polk,PLEASANT HILL-02,PH 2,9,2.5182012847965742
Polk,PLEASANT HILL-03,PH 3,9,2.5182012847965742
Polk,POLK CITY-01,POLK CI,11,3.077801570306924
Polk,RUNNELLS-01,RUNNELL,5,1.3990007137758744
Polk,SAYLOR-01,SAYLOR1,8,2.2384011420413987
Polk,SAYLOR-02,SAYLOR2,6,1.6788008565310495
Polk,SHELDAHL-01,SHELDAH,1,0.2798001427551749
Polk,URBANDALE-01,URB 01,9,2.5182012847965742
Polk,URBANDALE-02,URB 02,11,3.077801570306924
Polk,URBANDALE-03,URB 03,10,2.798001427551749
Polk,URBANDALE-04,URB 04,9,2.5182012847965742
Polk,URBANDALE-05,URB 05,10,2.798001427551749
Polk,URBANDALE-06,URB 06,11,3.077801570306924
Polk,URBANDALE-07,URB 07,11,3.077801570306924
Polk,URBANDALE-08,URB 08,10,2.798001427551749
Polk,URBANDALE-09,URB 09,11,3.077801570306924
Polk,URBANDALE-10,URB 10,10,2.798001427551749
Polk,URBANDALE-11,URB 11,9,2.5182012847965742
Polk,WASHINGTON-01,WASH 1,1,0.2798001427551749
Polk,WEBSTER-01,WB 1,2,0.5596002855103498
Polk,WDM-111,WDM-111,8,2.2384011420413987
Polk,WDM-112,WDM-112,5,1.3990007137758744
Polk,WDM-113,WDM-113,8,2.2384011420413987
Polk,WDM-114,WDM-114,12,3.3576017130620985
Polk,WDM-115,WDM-115,7,1.9586009992862243
Polk,WDM-116,WDM-116,9,2.5182012847965742
Polk,WDM-117,WDM-117,9,2.5182012847965742
Polk,WDM-118,WDM-118,9,2.5182012847965742
Polk,WDM-211,WDM-211,7,1.9586009992862243
Polk,WDM-212,WDM-212,11,3.077801570306924
Polk,WDM-213,WDM-213,6,1.6788008565310495
Polk,WDM-311,WDM-311,10,2.798001427551749
Polk,WDM-312,WDM-312,10,2.798001427551749
Polk,WDM-313,WDM-313,4,1.1192005710206996
Polk,WDM-314,WDM-314,6,1.6788008565310495
Polk,WDM-315,WDM-315,8,2.2384011420413987
Polk,WDM-316,WDM-316,11,3.077801570306924
Polk,WDM-317,WDM-317,9,2.5182012847965742
Polk,WDM-318,WDM-318,3,0.8394004282655247
Polk,WINDSOR HEIGHTS-01,WHTS 1,6,1.6788008565310495
Polk,WINDSOR HEIGHTS-02,WHTS 2,7,1.9586009992862243
Polk,WINDSOR HEIGHTS-03,WHTS 3,9,2.5182012847965742
Pottawattamie,Avoca,AVOCA,8,0.96
Pottawattamie,Carson,CARSON,3,0.36
Pottawattamie,Council Bluff 01,CB 01,9,1.08
Pottawattamie,Council Bluff 02,CB 02,12,1.44
Pottawattamie,Council Bluff 03,CB 03,10,1.2
Pottawattamie,Council Bluff 04,CB 04,10,1.2
Pottawattamie,Council Bluff 05,CB 05,10,1.2
Pottawattamie,Council Bluff 06,CB 06,15,1.7999999999999998
Pottawattamie,Council Bluff 07,CB 07,15,1.7999999999999998
Pottawattamie,Council Bluff 08,CB 08,18,2.16
Pottawattamie,Council Bluff 09,CB 09,13,1.56
Pottawattamie,Council Bluff 10A,CB 10A,20,2.4
Pottawattamie,Council Bluff 10B,CB 10B,15,1.7999999999999998
Pottawattamie,Council Bluff 11,CB 11,17,2.04
Pottawattamie,Council Bluff 12,CB 12,14,1.68
Pottawattamie,Council Bluff 13,CB 13,10,1.2
Pottawattamie,Council Bluff 14,CB 14,10,1.2
Pottawattamie,Council Bluff 15,CB 15,11,1.3199999999999998
Pottawattamie,Council Bluff 16,CB 16,11,1.3199999999999998
Pottawattamie,Council Bluff 17,CB 17,15,1.7999999999999998
Pottawattamie,Council Bluff 18,CB 18,12,1.44
Pottawattamie,Council Bluff 19,CB 19,9,1.08
Pottawattamie,Council Bluff 20,CB 20,9,1.08
Pottawattamie,Council Bluff 21,CB 21,8,0.96
Pottawattamie,Carter Lake 1,CL 1,7,0.84
Pottawattamie,Carter Lake 2,CL 2,7,0.84
Pottawattamie,Crescent,CRESC,13,1.56
Pottawattamie,Garner,GARNER,14,1.68
Pottawattamie,GLWCW,GLWCW,3,0.36
Pottawattamie,Hancock,HANCOCK,2,0.24
Pottawattamie,Lewis 1,LEWIS 1,11,1.3199999999999998
Pottawattamie,Lewis 2,LEWIS 2,11,1.3199999999999998
Pottawattamie,Macedonia,MACEDON,1,0.12
Pottawattamie,McClelland,MCCLELL,3,0.36
Pottawattamie,Minden,MINDEN,5,0.6
Pottawattamie,Neola,NEOLA,8,0.96
Pottawattamie,Oakland,OAKLAND,8,0.96
Pottawattamie,Treynor,TREYNOR,6,0.72
Pottawattamie,Underwood,UNDERW,13,1.56
Pottawattamie,Walnut,WALNUT,4,0.48
Poweshiek,JUPS,10,5,0.7000000000000001
Poweshiek,MONTEZUMA - 11.11MO,11,4,0.56
Poweshiek,BMWJ,2,11,1.54
Poweshiek,DRL,3,2,0.28
Poweshiek,MS,4,3,0.42
Poweshiek,CGWS,5,6,0.8400000000000001
Poweshiek,1ST WARD - 06.06GR,6,24,3.3600000000000003
Poweshiek,2ND WARD - 07.07GR,7,17,2.3800000000000003
Poweshiek,3RD WARD - 08.08GR,8,12,1.6800000000000002
Poweshiek,4TH WARD - 09.09GR,9,16,2.24
Ringgold,Athens,AT,9,0.3375
Ringgold,Clinton,CL,6,0.225
Ringgold,Mount Ayr 1,M1,22,0.825
Ringgold,Mount Ayr 2,M2,21,0.7875
Ringgold,Tingley,TG,3,0.1125
Ringgold,Union,UN,9,0.3375
Ringgold,Washington,WS,10,0.375
Sac,Schaller,1,7,0.4666666666666667
Sac,Nemaha,2,2,0.13333333333333333
Sac,Early,3,5,0.3333333333333333
Sac,Sac City,4,18,1.2
Sac,Lytton,5,3,0.2
Sac,Odebolt,6,6,0.4
Sac,Lake View,7,11,0.7333333333333333
Sac,Auburn,8,3,0.2
Sac,Wall Lake,9,5,0.3333333333333333
Scott,(AG) Allen's Grove Township,AG,1,0.4133333333333333
Scott,(B11) City of Bettendorf,B11,7,2.893333333333333
Scott,(B12) City of Bettendorf,B12,6,2.48
Scott,(B21) City of Bettendorf,B21,4,1.653333333333333
Scott,(B22) City of Bettendorf,B22,6,2.48
Scott,(B23) City of Bettendorf,B23,1,0.4133333333333333
Scott,(B31) City of Bettendorf,B31,6,2.48
Scott,(B32) City of Bettendorf,B32,6,2.48
Scott,(B41) City of Bettendorf,B41,7,2.893333333333333
Scott,(B42) City of Bettendorf,B42,7,2.893333333333333
Scott,(B51) City of Bettendorf,B51,7,2.893333333333333
Scott,(B52) City of Bettendorf,B52,10,4.133333333333333
Scott,(BF) City of Buffalo,BF,1,0.4133333333333333
Scott,(BG) Blue Grass Township,BG,4,1.653333333333333
Scott,(BU) Buffalo Township,BU,5,2.0666666666666664
Scott,(D11) City of Davenport,D11,5,2.0666666666666664
Scott,(D12) City of Davenport,D12,6,2.48
Scott,(D13) City of Davenport,D13,6,2.48
Scott,(D14) City of Davenport,D14,5,2.0666666666666664
Scott,(D21) City of Davenport,D21,6,2.48
Scott,(D22) City of Davenport,D22,4,1.653333333333333
Scott,(D23) City of Davenport,D23,4,1.653333333333333
Scott,(D24) City of Davenport,D24,6,2.48
Scott,(D31) City of Davenport,D31,5,2.0666666666666664
Scott,(D32) City of Davenport,D32,4,1.653333333333333
Scott,(D33) City of Davenport,D33,4,1.653333333333333
Scott,(D34) City of Davenport,D34,5,2.0666666666666664
Scott,(D41) City of Davenport,D41,7,2.893333333333333
Scott,(D42) City of Davenport,D42,5,2.0666666666666664
Scott,(D43) City of Davenport,D43,5,2.0666666666666664
Scott,(D44) City of Davenport,D44,5,2.0666666666666664
Scott,(D51) City of Davenport,D51,7,2.893333333333333
Scott,(D52) City of Davenport,D52,6,2.48
Scott,(D53) City of Davenport,D53,6,2.48
Scott,(D54) City of Davenport,D54,5,2.0666666666666664
Scott,(D61) City of Davenport,D61,6,2.48
Scott,(D62) City of Davenport,D62,6,2.48
Scott,(D63) City of Davenport,D63,7,2.893333333333333
Scott,(D64) City of Davenport,D64,9,3.72
Scott,(D71) City of Davenport,D71,7,2.893333333333333
Scott,(D72) City of Davenport,D72,7,2.893333333333333
Scott,(D73) City of Davenport,D73,6,2.48
Scott,(D74) City of Davenport,D74,4,1.653333333333333
Scott,(D81) City of Davenport,D81,5,2.0666666666666664
Scott,(D82) City of Davenport,D82,7,2.893333333333333
Scott,(D83) City of Davenport,D83,7,2.893333333333333
Scott,(D84) City of Davenport,D84,5,2.0666666666666664
Scott,(DH) City of Donahue,DH,1,0.4133333333333333
Scott,(EL1) City of Eldridge,EL1,6,2.48
Scott,(EL2) City of Eldridge,EL2,5,2.0666666666666664
Scott,(HG) Hickory Grove Township,HG,1,0.4133333333333333
Scott,(LB) Liberty Township,LB,1,0.4133333333333333
Scott,(LC1) City of LeClaire,LC1,4,1.653333333333333
Scott,(LC2) City of LeClaire,LC2,4,1.653333333333333
Scott,(LCT) LeClaire Township,LCT,2,0.8266666666666667
Scott,(LG) City of Long Grove,LG,2,0.8266666666666667
Scott,(MC) McCausland,MC,1,0.4133333333333333
Scott,(PKV) Park View,PKV,4,1.653333333333333
Scott,(PR) Princeton Township,PR,2,0.8266666666666667
Scott,(PV) Pleasant Valley,PV,2,0.8266666666666667
Scott,(RV) City of Riverdale,RV,1,0.4133333333333333
Scott,(WC) Walcott Precinct,WC,3,1.24
Scott,(WF) Winfield Township,WF,1,0.4133333333333333
Shelby,Harlan 4,10,10,0.5
Shelby,Cass-Center-Jackson-Lincoln,2,13,0.65
Shelby,Clay-Monroe,3,10,0.5
Shelby,Douglas-Greeley-Jefferson-Polk,4,7,0.35000000000000003
Shelby,Fairview-Shelby,5,10,0.5
Shelby,Grove-Union-Washington-Westphalia,6,15,0.75
Shelby,Harlan 1,7,10,0.5
Shelby,Harlan 2,8,12,0.6000000000000001
Shelby,Harlan 3,9,13,0.65
Sioux,Alton/Nassau/East Orange,AT,7,0.6124999999999999
Sioux,Floyd/Lynn,FL,3,0.2625
Sioux,Grant/Sheridan,GT,3,0.2625
Sioux,HW/BC/LG/WA/EG S,HW,12,1.0499999999999998
Sioux,Lincoln,LN,4,0.35
Sioux,OC 1/Holland West,OC1,10,0.875
Sioux,OC2/Holland E/NS 4-9,OC2,11,0.9625
Sioux,PL/GF/ST/SX/EG N,PL,2,0.175
Sioux,Reading/Center South,RD,2,0.175
Sioux,Rock Valley East,RVE,4,0.35
Sioux,Rock Valley West/Rock,RVW,3,0.2625
Sioux,Sioux Center Central,SCC,7,0.6124999999999999
Sioux,SCN/Capel/Welcome,SCN,4,0.35
Sioux,Sioux Center South,SCS,6,0.5249999999999999
Sioux,Sherman,SM,1,0.0875
Sioux,West Branch/Center North,WB,1,0.0875
Story,Ames 1-1,1,6,2.49
Story,Ames 2-5,10,9,3.735
Story,Ames 3-1,11,9,3.735
Story,Ames 3-2,12,5,2.075
Story,Ames 3-3,13,5,2.075
Story,Ames 3-4,14,8,3.32
Story,Ames 3-5,15,8,3.32
Story,Ames 4-1,16,6,2.49
Story,Ames 4-2,17,4,1.66
Story,Ames 4-3,18,5,2.075
Story,Ames 4-4,19,7,2.905
Story,Ames 1-2,2,8,3.32
Story,Ames 4-5,20,8,3.32
Story,Collins Twp-Collins,21,1,0.415
Story,Franklin Twp-Gilbert,22,7,2.905
Story,Grant Township,23,1,0.415
Story,Howard Twp-Roland,24,3,1.245
Story,Indian Creek Twp-Maxwell,25,6,2.49
Story,Huxley,26,2,0.83
Story,Lafayette Township,27,1,0.415
Story,Lincoln Twp-Zearing,28,1,0.415
Story,Milford Township,29,1,0.415
Story,Ames 1-3 - Grant Twp 2,3,6,2.49
Story,Nevada 1,30,3,1.245
Story,Nevada 2,31,3,1.245
Story,Nevada 3-Grant Twp 3,32,3,1.245
Story,Nevada 4,33,3,1.245
Story,Nevada Township,34,1,0.415
Story,New Albany Twp-Colo,35,2,0.83
Story,Palestine Township,36,1,0.415
Story,Slater-Sheldahl-Pal 2,37,1,0.415
Story,Richland Township,38,1,0.415
Story,Sherman Township,39,3,1.245
Story,Ames 1-4,4,8,3.32
Story,Story City,40,6,2.49
Story,Union Twp-Cambridge,41,2,0.83
Story,Warren Twp-McCallsburg,42,1,0.415
Story,Washington Twp-Kelley,43,2,0.83
Story,Ames 1-5,5,9,3.735
Story,Ames 2-1,6,10,4.15
Story,Ames 2-2,7,7,2.905
Story,Ames 2-3,8,8,3.32
Story,Ames 2-4,9,9,3.735
Tama,COLUMBIA/TAMA,CB/TM,16,2.0705882352941183
Tama,CLARK/GENESEO,CK/GE,9,1.1647058823529413
Tama,CARROLL/ONEIDA/N OTTER CR,CRONNOC,3,0.3882352941176471
Tama,CARLTON,CT,4,0.5176470588235295
Tama,GRANT,GR,1,0.12941176470588234
Tama,HOWARD/TOLEDO,H/TL,5,0.6470588235294118
Tama,HIGHLAND/INDIAN VILLAGE,HL/IV/T,4,0.5176470588235295
Tama,INDIAN SETTLEMENT,IS,9,1.1647058823529413
Tama,LINCOLN,LI,1,0.12941176470588234
Tama,PERRY/BUCKINGHAM/E CRYSTA,PY/CY/B,10,1.2941176470588236
Tama,RICHLAND/SALT CREEK,RL/ST,3,0.3882352941176471
Tama,S. OTTER CREEK,SOC,1,0.12941176470588234
Tama,SPRING CREEK/W CRYSTAL,SP/WC,6,0.7764705882352942
Tama,TOLEDO CITY,TLCITY,11,1.4235294117647062
Tama,YORK,YK,2,0.25882352941176473
Taylor,7-3 Legion,3TWNSHP,3,0.30000000000000004
Taylor,6-3 City of Bedford,BECITY,6,0.6000000000000001
Taylor,1-1 Blockton,BK,2,0.2
Taylor,2-1 Clearfield,CF,2,0.2
Taylor,3-1 Gravity,GRAVITY,2,0.2
Taylor,5-2 Lenox,LX,11,1.1
Taylor,4-1 New Market,NM,4,0.4
Union,Afton,AF,9,0.6749999999999999
Union,Arispe,AR,2,0.15
Union,Creston 1,CS1,10,0.75
Union,Creston 2 - SWCC,CS2,18,1.35
Union,Creston 3,CS3,13,0.975
Union,Creston 4 - Supertel,CS4,11,0.825
Union,Creston 5,CS5,13,0.975
Union,Lorimor,LR,4,0.3
Van Buren,Birmingham,BI,4,0.4
Van Buren,Bonaparte,BO,4,0.4
Van Buren,Cantril,CN,2,0.2
Van Buren,Douds,DO,3,0.30000000000000004
Van Buren,Farmington,FM,4,0.4
Van Buren,Keosauqua,KE,10,1.0
Van Buren,Milton,ML,2,0.2
Van Buren,Stockport,SP,1,0.1
Wapello,Adams/Blakesburg/Polk,AD,6,0.54
Wapello,Agency/Agency/Pleasant,AG,8,0.72
Wapello,Columbia/Eddyville,CB,5,0.45
Wapello,Center Twp,CN,8,0.72
Wapello,Competine Twp,CP,1,0.09
Wapello,Cass/Chillicothe,CS,1,0.09
Wapello,Dahlonega Twp,DA,3,0.27
Wapello,Green Twp,GR,4,0.36
Wapello,Highland Twp,HI,1,0.09
Wapello,Keokuk Twp,KE,4,0.36
Wapello,Ottumwa Pct 01,OT01,14,1.26
Wapello,Ottumwa Pct 02,OT02,20,1.7999999999999998
Wapello,Ottumwa Pct 03,OT03,22,1.98
Wapello,Ottumwa Pct 04,OT04,11,0.99
Wapello,Ottumwa Pct 05,OT05,12,1.08
Wapello,Ottumwa Pct 06,OT06,12,1.08
Wapello,Ottumwa Pct 07,OT07,12,1.08
Wapello,Ottumwa Pct 08,OT08,13,1.17
Wapello,Ottumwa Pct 09,OT09,19,1.71
Wapello,Ottumwa Pct 10,OT10,15,1.35
Wapello,Richland/Kirkville,RL,3,0.27
Wapello,Washington/Eldon,WA,6,0.54
Warren,ALLEN 2,AL2,6,1.4
Warren,ALLEN 3,AL3,8,1.8666666666666667
Warren,BELMONT TWP,BM,1,0.2333333333333333
Warren,CUMMING/ WDM,CM WDM,2,0.4666666666666667
Warren,GREENFIELD 1 TWP,GR1,5,1.1666666666666667
Warren,GREENFIELD 1/ DM85,GR1DM85,6,1.4
Warren,GR1-DM86 CITY,GR1DM86,1,0.2333333333333333
Warren,GREENFIELD 2/ LINCOLN 2,GR2LC2,7,1.6333333333333333
Warren,INDIANOLA 1,IN1,5,1.1666666666666667
Warren,INDIANOLA 2,IN2,9,2.1
Warren,INDIANOLA 3,IN3,5,1.1666666666666667
Warren,INDIANOLA 4,IN4,11,2.566666666666667
Warren,INDIANOLA 5,IN5,6,1.4
Warren,INDIANOLA 6,IN6,5,1.1666666666666667
Warren,INDIANOLA 7,IN7,9,2.1
Warren,JEFFERSON,JF,4,0.9333333333333332
Warren,JACKSON,JK,3,0.7
Warren,LIBERTY TWP,LB,1,0.2333333333333333
Warren,LINCOLN TWP,LC1,2,0.4666666666666667
Warren,NORWALK 1,NW1,8,1.8666666666666667
Warren,NORWALK 2/ GREENFIELD,NW2 GR1,7,1.6333333333333333
Warren,NORWALK 3/ LINN,NW3 LN,12,2.8
Warren,NORWALK 4 CITY,NWK4,10,2.333333333333333
Warren,OTTER/ MILO,OT ML,4,0.9333333333333332
Warren,PALMYRA TWP,PM,1,0.2333333333333333
Warren,RICHLAND/ PALMYRA,RL,3,0.7
Warren,SQUAW CREEK TWP,SQC,2,0.4666666666666667
Warren,UNION,UN,1,0.2333333333333333
Warren,VIRGINIA,VA,2,0.4666666666666667
Warren,WHITE BREAST,WB,1,0.2333333333333333
Warren,WHITE OAK TWP,WHO,3,0.7
Washington,Ainsworth,AW,8,1.4857142857142858
Washington,Brighton/Marion/Crawford,BMC,5,0.9285714285714286
Washington,Kalona,KA,9,1.6714285714285717
Washington,Riverside,RS,7,1.3
Washington,West Chester,WC,3,0.5571428571428572
Washington,Wellman,WL,9,1.6714285714285717
Washington,Washington Ward 1,WS1,6,1.1142857142857143
Washington,Washington Ward 2,WS2,7,1.3
Washington,Washington Ward 3,WS3,8,1.4857142857142858
Washington,Washington Ward 4,WS4,8,1.4857142857142858
Wayne,A-01 Allerton-Clio-Lineville,A01,8,0.6
Wayne,C-02 Corydon,C02,13,0.975
Wayne,H-03 Humeston-Millerton,H03,10,0.75
Wayne,S-04 Seymour-Promise City,S04,9,0.6749999999999999
Webster,Fort Dodge 01,1,19,1.5833333333333333
Webster,Fort Dodge 10,10,15,1.25
Webster,Fort Dodge 11,11,18,1.5
Webster,Fort Dodge 12,12,14,1.1666666666666663
Webster,Fort Dodge 02,2,16,1.3333333333333333
Webster,Fort Dodge 03,3,13,1.0833333333333333
Webster,Fort Dodge 04,4,14,1.1666666666666663
Webster,Fort Dodge 05,5,9,0.75
Webster,Fort Dodge 06,6,6,0.5
Webster,Fort Dodge 07,7,14,1.1666666666666663
Webster,Fort Dodge 08,8,13,1.0833333333333333
Webster,Fort Dodge 09,9,13,1.0833333333333333
Webster,Badger-NW Cooper,BD/NWC,9,0.75
Webster,Colfax-Duncombe,CD,4,0.3333333333333333
Webster,Cooper,CP,2,0.16666666666666666
Webster,Clay-Roland,CR,3,0.25
Webster,Dayton-Burnside,DA/BU,9,0.75
Webster,Deer Creek-Jackson,DJ,4,0.3333333333333333
Webster,Douglas,DO,8,0.6666666666666666
Webster,Elkhorn,EL,5,0.4166666666666666
Webster,Fulton,FU,2,0.16666666666666666
Webster,Gowrie,GO,7,0.5833333333333333
Webster,Johnson,JO,3,0.25
Webster,Lost Grove,LG,2,0.16666666666666666
Webster,Newark,NE,2,0.16666666666666666
Webster,Otho-Pleasant Valley,OT/PV,9,0.75
Webster,Sumner-Webster-Yell-Hardi,SWYH,5,0.4166666666666666
Webster,Washington,WA,2,0.16666666666666666
Winnebago,Buffalo Grant Lincoln,BUGRLC,5,0.75
Winnebago,Center,CENTER,10,1.5
Winnebago,Eden Logan Norway,EDLONO,2,0.3
Winnebago,Forest City Ward 1,FC 1,5,0.75
Winnebago,Forest City Ward 2,FC 2,4,0.6
Winnebago,Forest City Ward 3,FC 4,3,0.45
Winnebago,Forest City Ward 4,FC3D3,4,0.6
Winnebago,King Linden,KILI,2,0.3
Winnebago,Mt. Valley,MVFOD2,2,0.3
Winnebago,Newton Forest,NEFOD1,3,0.45
Winneshiek,PCT 01 - HE/HI/PL,1,7,0.8959999999999999
Winneshiek,PCT 10 - JA/SU/WA,10,6,0.768
Winneshiek,PCT 11- DESUP5 (Decorah Twp Sup 5),11,1,0.128
Winneshiek,PCT 02 - FR/GL/DEW3/ DETSUP1,2,22,2.8160000000000003
Winneshiek,PCT 03 - DEW1/DETSUP2,3,18,2.3040000000000003
Winneshiek,PCT 04 - DEW2 (Decorah Ward 2),4,16,2.048
Winneshiek,PCT 05 - CN/DEW4/ DETSUP3,5,17,2.176
Winneshiek,PCT 06 - DEW5 (Decorah Ward 5),6,13,1.664
Winneshiek,PCT 07 - CA/SP,7,10,1.28
Winneshiek,PCT 08 - MI/BLM,8,6,0.768
Winneshiek,PCT 09 - BLF/BO/FR/LI/MA/ OR,9,9,1.152
Woodbury,Sioux City 01,1,8,1.7
Woodbury,Sioux City 10,10,8,1.7
Woodbury,Sioux City 11,11,4,0.85
Woodbury,Sioux City 12,12,9,1.9125
Woodbury,Sioux City 13,13,4,0.85
Woodbury,Sioux City 14,14,6,1.275
Woodbury,Sioux City 15,15,7,1.4875
Woodbury,Sioux City 16,16,7,1.4875
Woodbury,Sioux City 17,17,9,1.9125
Woodbury,Sioux City 18,18,8,1.7
Woodbury,Sioux City 19,19,9,1.9125
Woodbury,Sioux City 02,2,8,1.7
Woodbury,Sioux City 20,20,5,1.0625
Woodbury,Sioux City 21,21,7,1.4875
Woodbury,Sioux City 23,22,8,1.7
Woodbury,Woodbury 22,23,7,1.4875
Woodbury,Woodbury 24,24,7,1.4875
Woodbury,Woodbury 25,25,7,1.4875
Woodbury,Woodbury 26,26,8,1.7
Woodbury,Woodbury 27,27,8,1.7
Woodbury,Woodbury 28,28,13,2.7625
Woodbury,29 Sergeant Bluff East/ Woodbury,29,7,1.4875
Woodbury,Sioux City 03,3,8,1.7
Woodbury,30 Sergeant Bluff West,30,6,1.275
Woodbury,31 Salix/Liberty/Lakeport,31,3,0.6375
Woodbury,32 Bronson/Floyd/Grange,32,2,0.425
Woodbury,33-Pierson/Rutland,33,1,0.2125
Woodbury,34 Correctionville/Kedron/Union,34,2,0.425
Woodbury,35 Moville/Arlington/Wolf Creek,35,5,1.0625
Woodbury,36 Lawton/Banner,36,2,0.425
Woodbury,37 Climbing Hill/Grant/West Fork,37,1,0.2125
Woodbury,38 Sloan,38,2,0.425
Woodbury,39 Hornick/Willow,39,1,0.2125
Woodbury,Sioux City 04,4,5,1.0625
Woodbury,40 Anthon/Miller,40,1,0.2125
Woodbury,41 Danbury/Liston/Morgan,41,1,0.2125
Woodbury,42 Smithland/Little Sioux,42,1,0.2125
Woodbury,43 Oto/Oto Township,43,1,0.2125
Woodbury,44 Cushing/Rock,44,1,0.2125
Woodbury,Sioux City 05,5,8,1.7
Woodbury,Sioux City 06,6,9,1.9125
Woodbury,Sioux City 07,7,8,1.7
Woodbury,Sioux City 08,8,5,1.0625
Woodbury,Sioux City 09,9,3,0.6375
Worth,Barton/Deer Creek/Union/Grafton,W11,9,0.6
Worth,Lincoln/Manly,W12,18,1.2
Worth,Bristol/Silver Lake/Joice,W21,7,0.4666666666666667
Worth,Brookfield/Kensett,W22,7,0.4666666666666667
Worth,Danville/Hanlontown,W23,5,0.3333333333333333
Worth,Fertile,W24,5,0.3333333333333333
Worth,Deer Creek/Grove/Hartland/Northwood,W31,24,1.6
Wright,Eagle Grove/Troy,BIG_6,4,0.5333333333333333
Wright,Belmond,BM,14,1.8666666666666667
Wright,Clarion,CL,9,1.2
Wright,Dows,DOWS,3,0.4
Wright,Eagle Grove #1,EG1,2,0.26666666666666666
Wright,Eagle Grove #2,EG2,3,0.4
Wright,Eagle Grove #3,EG3,3,0.4
Wright,Eagle Grove #4,EG4,3,0.4
Wright,Goldfield,GLDFLD,2,0.26666666666666666
Wright,Rural Clarion,RURALEG,2,0.26666666666666666