County,PSN,Delegates to County Convention,SDE,Long Name,Unplaced County,Unplaced Precinct
Adair,01NW,8,0.62745098,1NW ADAIR,,
Adair,02NE,11,0.862745098,2NE STUART,,
Adair,03SW,9,0.705882353,3SW FONTANELLE,,
Adair,04SE,10,0.784313725,4SE ORIENT,,
Adair,05GF,13,1.019607843,5GF GREENFIELD,,
Adams,AD1,8,0.685714286,Adams 1,,
Adams,AD2,7,0.6,Adams 2,,
Adams,AD3,8,0.685714286,Adams 3,,
Adams,AD4,7,0.6,Adams 4,,
Adams,AD5,5,0.428571429,Adams 5,,
Allamakee,PCT 1,4,0.311111111,Pct 01 - WL/HV,,
Allamakee,PCT 10,9,0.7,Pct 10 - Waukon 2,,
Allamakee,PCT 11,9,0.7,Pct 11 - Waukon 3,,
Allamakee,PCT 2,14,1.088888889,Pct 02 - FC/JF/LL/MK/UP,,
Allamakee,PCT 3,3,0.233333333,Pct 03 - PO/FK,,
Allamakee,PCT 4,8,0.622222222,Pct 04 - PV City,,
Allamakee,PCT 5,4,0.311111111,Pct 05 - LT/PC/WV City,,
Allamakee,PCT 6,7,0.544444444,Pct 06 - FV/TL/HF City,,
Allamakee,PCT 7,18,1.4,Pct 07 - CN/LF/LS/LS City,,
Allamakee,PCT 8,5,0.388888889,Pct 08 - IA/UC/NA City,,
Allamakee,PCT 9,9,0.7,Pct 09 - Waukon 1,,
Appanoose,BL,4,0.32,Bellair/Lincoln,,
Appanoose,CV1,13,1.04,Centerville Ward 1,,
Appanoose,CV2,11,0.88,Centerville Ward 2,,
Appanoose,CV3,10,0.8,Centerville Ward 3,,
Appanoose,CW,2,0.16,Caldwell Township,,
Appanoose,JO,4,0.32,Johns/Independence,,
Appanoose,PS,5,0.4,Pleasant/Franklin,,
Appanoose,TY,7,0.56,Taylor/Chariton,,
Appanoose,UD,4,0.32,Union / Udell Township,,
Appanoose,VM,6,0.48,Vermillion/Douglas/Sharon,,
Appanoose,WALNUT,5,0.4,Walnut,,
Appanoose,WS,4,0.32,Washington/Wells,,
Audubon,1,15,1.5,Precinct 1,,
Audubon,2,15,1.5,Precinct 2,,
Benton,BG,9,0.675,Big Grove-Union-Van Horne,,
Benton,BN,22,1.65,Benton-Canton-Shellsburg,,
Benton,BP1,6,0.45,Belle Plaine 1,,
Benton,BP2,5,0.375,Belle Plaine 2,,
Benton,BP3,6,0.45,Belle Plaine 3,,
Benton,BR,5,0.375,Bruce-Cedar-Mt Auburn,,
Benton,ED,10,0.75,Eden-Harrison-Taylor,,
Benton,EL,10,0.75,Eldorado-Newhall,,
Benton,FL,12,0.9,Florence-St Clair-Norway,,
Benton,FR,22,1.65,Fremont-Atkins,,
Benton,HO,6,0.45,Homer-Monroe-Jackson-Garrison,,
Benton,IA,10,0.75,Iowa-Leroy-Luzerne-Blairstown,,
Benton,KA,6,0.45,Kane-Keystone,,
Benton,PO,20,1.5,Polk-Urbana,,
Benton,VT1,12,0.9,Vinton 1,,
Benton,VT2,8,0.6,Vinton 2,,
Benton,VT3,11,0.825,Vinton 3,,
Benton,VT4,10,0.75,Vinton 4,,
Benton,WA,10,0.75,Walford,,
Black Hawk,ALOO,5,1.01,,Black Hawk,Barclay Lester Dunkerton
Black Hawk,B000,1,0.202,,Black Hawk,Bennington
Black Hawk,C000,8,1.616,,Black Hawk,Big Creek La Porte
Black Hawk,DK00,7,1.414,,Black Hawk,Black Hawk Hudson Lincoln
Black Hawk,DM00,10,2.02,,Black Hawk,Cedar Orange
Black Hawk,EO00,7,1.414,,Black Hawk,Eagle
Black Hawk,G000,1,0.202,,Black Hawk,Elk Run Heights &amp; Raymond
Black Hawk,J100,4,0.808,Evansdale W1,Black Hawk,
Black Hawk,J200,3,0.606,Evansdale W2,Black Hawk,
Black Hawk,J300,4,0.808,Evansdale W3,Black Hawk,
Black Hawk,J400,4,0.808,Evansdale W4,Black Hawk,
Black Hawk,N000,4,0.808,,Black Hawk,Mt Vernon
Black Hawk,PH01,3,0.606,Poyner P1 &amp; East Wloo,Black Hawk,
Black Hawk,PK02,7,1.414,Poyner P2 Fox Gilbert Jesup,Black Hawk,
Black Hawk,Q000,1,0.202,,Black Hawk,Spring Creek
Black Hawk,R000,3,0.606,,Black Hawk,Union
Black Hawk,S000,2,0.404,,Black Hawk,Washington Janesville
Black Hawk,W101,10,2.02,WL 1-1,Black Hawk,
Black Hawk,W102,9,1.818,WL 1-2,Black Hawk,
Black Hawk,W103,8,1.616,WL 1-3,Black Hawk,
Black Hawk,W104,9,1.818,WL 1-4,Black Hawk,
Black Hawk,W105,8,1.616,WL 1-5,Black Hawk,
Black Hawk,W106,11,2.222,WL 1-6,Black Hawk,
Black Hawk,W201,6,1.212,WL 2-1,Black Hawk,
Black Hawk,W202,7,1.414,WL 2-2,Black Hawk,
Black Hawk,W203,9,1.818,WL 2-3,Black Hawk,
Black Hawk,W204,14,2.828,WL 2-4,Black Hawk,
Black Hawk,W205,9,1.818,WL 2-5,Black Hawk,
Black Hawk,W206,9,1.818,WL 2-6,Black Hawk,
Black Hawk,W301,8,1.616,WL 3-1,Black Hawk,
Black Hawk,W302,9,1.818,WL 3-2,Black Hawk,
Black Hawk,W303,7,1.414,WL 3-3,Black Hawk,
Black Hawk,W304,7,1.414,WL 3-4,Black Hawk,
Black Hawk,W305,11,2.222,WL 3-5,Black Hawk,
Black Hawk,W306,6,1.212,WL 3-6,Black Hawk,
Black Hawk,W401,10,2.02,WL 4-1,Black Hawk,
Black Hawk,W402,7,1.414,WL 4-2,Black Hawk,
Black Hawk,W403,5,1.01,WL 4-3,Black Hawk,
Black Hawk,W404,7,1.414,WL 4-4,Black Hawk,
Black Hawk,W405,11,2.222,WL 4-5,Black Hawk,
Black Hawk,W406,5,1.01,WL 4-6,Black Hawk,
Black Hawk,W501,4,0.808,WL 5-1,Black Hawk,
Black Hawk,W502,8,1.616,WL 5-2,Black Hawk,
Black Hawk,W503,7,1.414,WL 5-3,Black Hawk,
Black Hawk,W504,9,1.818,WL 5-4,Black Hawk,
Black Hawk,W505,10,2.02,WL 5-5,Black Hawk,
Black Hawk,W506,9,1.818,WL 5-6,Black Hawk,
Black Hawk,X101,8,1.616,CF W1 P1,Black Hawk,
Black Hawk,X102,15,3.03,CF W1 P2,Black Hawk,
Black Hawk,X103,15,3.03,CF W1 P3,Black Hawk,
Black Hawk,X201,4,0.808,CF W2 P1,Black Hawk,
Black Hawk,X202,14,2.828,CF W2 P2 &amp; CF Twp,Black Hawk,
Black Hawk,X203,19,3.838,CF W2 P3,Black Hawk,
Black Hawk,X301,10,2.02,CF W3 P1,Black Hawk,
Black Hawk,X302,14,2.828,CF W3 P2,Black Hawk,
Black Hawk,X303,9,1.818,CF W3 P3,Black Hawk,
Black Hawk,X401,13,2.626,CF W4 P1,Black Hawk,
Black Hawk,X402,10,2.02,CF W4 P2,Black Hawk,
Black Hawk,X403,9,1.818,CF W4 P3,Black Hawk,
Black Hawk,X501,13,2.626,CF W5 P1,Black Hawk,
Black Hawk,X502,13,2.626,CF W5 P2,Black Hawk,
Black Hawk,X503,11,2.222,CF W5 P3,Black Hawk,
Boone,BN1,9,1.71,Boone 1st Ward,Boone,
Boone,BN2,10,1.9,Boone 2nd Ward,Boone,
Boone,BN3,10,1.9,Boone 3rd Ward,Boone,
Boone,BN4,12,2.28,Boone 4th Ward,Boone,
Boone,BN5,10,1.9,Boone 5th Ward,Boone,
Boone,MD1,4,0.76,Madrid 1st Ward,Boone,
Boone,MD2,4,0.76,Madrid 2nd Ward,Boone,
Boone,MD3,3,0.57,Madrid 3rd Ward,Boone,
Boone,OG,7,1.33,Ogden,Boone,
Boone,RP1,5,0.95,Rural Precinct 1,Boone,
Boone,RP2,7,1.33,Rural Precinct 2,Boone,
Boone,RP3,3,0.57,Rural Precinct 3,Boone,
Boone,RP4,7,1.33,Rural Precinct 4,Boone,
Boone,RP5,3,0.57,Rural Precinct 5,Boone,
Boone,RP6,6,1.14,Rural Precinct 6,Boone,
Bremer,DV,9,2.04,CITY OF DENVER/JEFFERSON TWP,Bremer,
Bremer,FD,1,0.226666667,CITY OF FREDERIKA- FREDERIKA &amp; LEROY TWP,Bremer,
Bremer,JV,5,1.133333333,CITY OF JANESVILLE/JACKSON TWP,Bremer,
Bremer,LA,4,0.906666667,LAFAYETTE TWP/WARREN TWPS,Bremer,
Bremer,PL,3,0.68,CITY OF PLAINFIELD/POLK TWP/DOUGLAS TWP,Bremer,
Bremer,RD,4,0.906666667,CITY OF READLYN- MAXFIELD &amp; FRANKLIN TWP,Bremer,
Bremer,SU,6,1.36,CITY OF SUMNER/SUMNER TWP/DAYTON TWP,Bremer,
Bremer,TR,5,1.133333333,CITY OF TRIPOLI/FREMONT,Bremer,
Bremer,WL1,9,2.04,WAVERLY WARD I/E WASHINGTON TWP,Bremer,
Bremer,WL2,7,1.586666667,WAVERLY WARD II/NE 1/4 SEC 36 WASHINGTON TWP,Bremer,
Bremer,WL3,5,1.133333333,WAVERLY WARD III,Bremer,
Bremer,WL4,8,1.813333333,WAVERLY WARD IV,Bremer,
Bremer,WL5,9,2.04,WAVERLY WARD V/W WASHINGTON TWP,Bremer,
Buchanan,AR,5,0.684210526,Aurora,Buchanan,
Buchanan,BD,4,0.547368421,Brandon,Buchanan,
Buchanan,FB,5,0.684210526,Fairbank,Buchanan,
Buchanan,HT,4,0.547368421,Hazleton,Buchanan,
Buchanan,I1,12,1.642105263,Independence 1st Ward,Buchanan,
Buchanan,I2,6,0.821052632,Independence 2nd Ward,Buchanan,
Buchanan,I3,9,1.231578947,Independence 3rd Ward,Buchanan,
Buchanan,I4,6,0.821052632,Independence 4th Ward,Buchanan,
Buchanan,I5,6,0.821052632,Independence 5th Ward,Buchanan,
Buchanan,JS,11,1.505263158,Jesup,Buchanan,
Buchanan,MN,3,0.410526316,Middlefield-Newton,Buchanan,
Buchanan,PW,6,0.821052632,Perry-Westburg,Buchanan,
Buchanan,QT,6,0.821052632,Quasqueton,Buchanan,
Buchanan,RW,5,0.684210526,Rowley,Buchanan,
Buchanan,WN,7,0.957894737,Winthrop,Buchanan,
Buena Vista,1,7,1.4,STORM LAKE 01,Buena Vista,
Buena Vista,2,4,0.8,STORM LAKE 02,Buena Vista,
Buena Vista,3,7,1.4,STORM LAKE 03,Buena Vista,
Buena Vista,4,8,1.6,STORM LAKE 04,Buena Vista,
Buena Vista,ACFC,2,0.4,ALBERT CITY FAIRFIELD COON,Buena Vista,
Buena Vista,ALNE,5,1,ALTA NOKOMIS ELK,Buena Vista,
Buena Vista,LKHM,3,0.6,LAKESIDE HAYES MAPLE VALLEY,Buena Vista,
Buena Vista,NENP,2,0.4,NEWELL NEWELL PROVIDENCE,Buena Vista,
Buena Vista,S-M-L-R,5,1,SRL;LGB;RELS;MAP,Buena Vista,
Buena Vista,TRWG,2,0.4,TRUESDALE WASHINGTON GRANT,Buena Vista,
Butler,1-GR,10,1.166666667,1-GR,Butler,
Butler,2-CL,11,1.283333333,2-CL,Butler,
Butler,3-DU,4,0.466666667,3-DU,Butler,
Butler,4-AL,4,0.466666667,4-AL,Butler,
Butler,5-AP,5,0.583333333,5-AP,Butler,
Butler,6-SR,11,1.283333333,6-SR,Butler,
Butler,7-PB,10,1.166666667,7-PB,Butler,
Butler,8-NH,5,0.583333333,8-NH,Butler,
Calhoun,BUWM,6,0.5,Butler- Williams,Calhoun,
Calhoun,CEDAR,1,0.083333333,Cedar,Calhoun,
Calhoun,CHJEGLK,15,1.25,Calhoun- Jackson- EG- LK,Calhoun,
Calhoun,CNLGTGA,5,0.416666667,Center- Logan- TL- GA- L,Calhoun,
Calhoun,GREENFI,2,0.166666667,Greenfield &amp; Lincoln 2,Calhoun,
Calhoun,LINCOLN,10,0.833333333,Lincoln 1,Calhoun,
Calhoun,READING,3,0.25,Reading,Calhoun,
Calhoun,ROCKWEL,13,1.083333333,Rockwell City,Calhoun,
Calhoun,SHERMAN,3,0.25,Sherman,Calhoun,
Calhoun,UNION,2,0.166666667,Union,Calhoun,
Carroll,1,14,1.54,,Carroll,Arcadia
Carroll,2,18,1.98,,Carroll,Carroll Ward Four
Carroll,3,13,1.43,,Carroll,Carroll Ward One
Carroll,4,13,1.43,,Carroll,Carroll Ward Three &amp;amp; S1/2 Maple River Twp
Carroll,5,4,0.44,,Carroll,Carroll Ward Two &amp;amp; N1/2 Maple River Twp
Carroll,6,5,0.55,,Carroll,Eden
Carroll,7,2,0.22,,Carroll,Ewoldt
Carroll,8,7,0.77,,Carroll,Glidden-Richland
Carroll,9,4,0.44,,Carroll,Pleasant Valley-Newton
Carroll,10,3,0.33,,Carroll,Sheridan-Grant-Jasper
Carroll,11,8,0.88,,Carroll,Union
Carroll,12,2,0.22,,Carroll,Washington-Roselle
Carroll,13,7,0.77,,Carroll,Wheatland-Kniest
Cass,AN,6,0.72,,Cass,
Cass,AT1,4,0.48,Atlantic 1,Cass,
Cass,AT2,5,0.6,Atlantic 2,Cass,
Cass,AT3,5,0.6,Atlantic 3,Cass,
Cass,AT4,6,0.72,Atlantic 4,Cass,
Cass,AT5,6,0.72,Atlantic 5,Cass,Bear Grove- Cass Twp/Lewis
Cass,BN,2,0.24,Benton- Franklin Twp/Wiota,Cass,
Cass,CU,1,0.12,Union Twp/Cumberland,Cass,Brighton- Grove- Pymosa- Washington Twp/Marne
Cass,GS,5,0.6,,Cass,
Cass,LW,3,0.36,,Cass,Grant- Lincoln Twp/Anita
Cass,MR,4,0.48,,Cass,Massena Twp/Massena City
Cass,MS,2,0.24,,Cass,Noble- Pleasant Twp/Griswold
Cass,VI,1,0.12,Enda- Victoria Twp,Cass,
Cedar,CN,8,1.371428571,CASS/CENTER/IOWA/ROCHESTER,Cedar,
Cedar,DA,4,0.685714286,DAYTON/FAIRFIELD,Cedar,
Cedar,FM,8,1.371428571,FARMINGTON/SUGAR CREEK,Cedar,
Cedar,FR,3,0.514285714,FREMONT/RED OAK,Cedar,
Cedar,GW,7,1.2,GOWER/SPRINGDALE,Cedar,
Cedar,IN,2,0.342857143,INLAND,Cedar,
Cedar,LN,7,1.2,LINN/PIONEER,Cedar,
Cedar,MA,4,0.685714286,MASSILLON/SPRINGFIELD,Cedar,
Cedar,TT1,4,0.685714286,TIPTON 1,Cedar,
Cedar,TT2,4,0.685714286,TIPTON 2,Cedar,
Cedar,TT3,5,0.857142857,TIPTON 3,Cedar,
Cedar,WB1,14,2.4,WEST BRANCH 1,Cedar,
Cerro Gordo,CL,7,1.24,Clear Lake - Grant - Union,Cerro Gordo,
Cerro Gordo,CL1,9,1.594285714,Clear Lake - Ward 1,Cerro Gordo,
Cerro Gordo,CL2,11,1.948571429,Clear Lake - Ward 2,Cerro Gordo,
Cerro Gordo,CL3,9,1.594285714,Clear Lake - Ward 3,Cerro Gordo,
Cerro Gordo,FLN,2,0.354285714,,Cerro Gordo,Falls - Plymouth Pct
Cerro Gordo,FLS,1,0.177142857,,Cerro Gordo,Falls - Rock Falls Pct
Cerro Gordo,GME,1,0.177142857,,Cerro Gordo,
Cerro Gordo,GMW,1,0.177142857,,Cerro Gordo,Grimes - Meservey Pct
Cerro Gordo,GN,5,0.885714286,Geneseo Twp Pct,Cerro Gordo,Grimes - Thornton Pct
Cerro Gordo,LCN,2,0.354285714,Lake / Lincoln Twps Pct,Cerro Gordo,
Cerro Gordo,LK,2,0.354285714,Lime Creek / Mason N Twps,Cerro Gordo,
Cerro Gordo,MC W1P1,8,1.417142857,Mason City W-1 P-1,Cerro Gordo,
Cerro Gordo,MC W1P2,10,1.771428571,Mason City W-1 P-2,Cerro Gordo,
Cerro Gordo,MC W1P3,11,1.948571429,Mason City W-1 P-3,Cerro Gordo,
Cerro Gordo,MC W2P1,7,1.24,Mason City W-2 P-1,Cerro Gordo,
Cerro Gordo,MC W2P2,13,2.302857143,Mason City W-2 P-2,Cerro Gordo,
Cerro Gordo,MC W2P3,8,1.417142857,Mason City W-2 P-3,Cerro Gordo,
Cerro Gordo,MC W3P1,11,1.948571429,Mason City W-3 P-1,Cerro Gordo,
Cerro Gordo,MC W3P2,8,1.417142857,Mason City W-3 P-2,Cerro Gordo,
Cerro Gordo,MC W3P3,14,2.48,Mason City W-3 P-3,Cerro Gordo,
Cerro Gordo,MC W4P1,8,1.417142857,Mason City W-4 P-1,Cerro Gordo,
Cerro Gordo,MC W4P2,9,1.594285714,Mason City W-4 P-2,Cerro Gordo,
Cerro Gordo,MC W4P3,11,1.948571429,Mason City W-4 P-3,Cerro Gordo,
Cerro Gordo,MSB,2,0.354285714,Mason S / Bath Twps,Cerro Gordo,
Cerro Gordo,MV,2,0.354285714,Mt Vernon - Pl Valley Twps,Cerro Gordo,
Cerro Gordo,POD,3,0.531428571,Portland - Owen - Dougherty,Cerro Gordo,
Cherokee,1 AUR,8,0.872727273,#1 Aurelia,Cherokee,
Cherokee,2 CLEG,9,0.981818182,#2 Cleghorn,Cherokee,
Cherokee,3 QUIM,5,0.545454545,#3 Quimby,Cherokee,
Cherokee,4 CHER,6,0.654545455,#4 Cherokee,Cherokee,
Cherokee,5 CH W1,10,1.090909091,#5 Cherokee Ward 1,Cherokee,
Cherokee,6 CH W2,7,0.763636364,#6 Cherokee Ward 2,Cherokee,
Cherokee,7 CH W3,10,1.090909091,#7 Cherokee Ward 3,Cherokee,
Chickasaw,BD,18,1.26,Bradford,Chickasaw,
Chickasaw,CH,4,0.28,Chickasaw,Chickasaw,
Chickasaw,DA-RD,4,0.28,Dayton-Richland,Chickasaw,
Chickasaw,DF-W2,6,0.42,Deerfield-Washington 2,Chickasaw,
Chickasaw,DS-FB,12,0.84,Dresden-Fredericksburg,Chickasaw,
Chickasaw,JA-UT,4,0.28,Jacksonville-Utica,Chickasaw,
Chickasaw,NH1,9,0.63,City of New Hampton Ward One,Chickasaw,
Chickasaw,NH2,7,0.49,City of New Hampton Ward Two,Chickasaw,
Chickasaw,NH3,10,0.7,City of New Hampton Ward Three,Chickasaw,
Chickasaw,NH4,10,0.7,City of New Hampton Ward Four,Chickasaw,
Chickasaw,NHR,5,0.35,New Hampton Rural,Chickasaw,
Chickasaw,ST,8,0.56,Stapleton,Chickasaw,
Chickasaw,WA1,3,0.21,Washington 1 Township,Chickasaw,
Clarke,MDL,6,0.48,Middle Precinct,Clarke,
Clarke,MY,6,0.48,Murray Precinct,Clarke,
Clarke,NE,9,0.72,North East Precinct,Clarke,
Clarke,OC1,8,0.64,Osceola 1st Ward Precinct,Clarke,
Clarke,OC2,8,0.64,Osceola 2nd Ward Precinct,Clarke,
Clarke,OC3,10,0.8,Osceola 3rd Ward Precinct,Clarke,
Clarke,WB,3,0.24,Woodburn Precinct,Clarke,
Clay,DGPE,3,0.282352941,Douglas-Peterson,Clay,
Clay,GFHD,2,0.188235294,Garfield-Herdland,Clay,
Clay,LAFR,3,0.282352941,Lake-Freeman,Clay,
Clay,LGGG,2,0.188235294,Logan-Gillett Grove,Clay,
Clay,LNCL,4,0.376470588,Lincoln-Clay,Clay,
Clay,SP1,10,0.941176471,Spencer Ward 1,Clay,
Clay,SP2,12,1.129411765,Spencer Ward 2,Clay,
Clay,SP3,12,1.129411765,Spencer Ward 3,Clay,
Clay,SP4,13,1.223529412,Spencer Ward 4,Clay,
Clay,SP5,13,1.223529412,Spencer Ward 5,Clay,
Clay,SRSM,7,0.658823529,Summit-Riverton-Sioux-Meadow,Clay,
Clay,WFLT,4,0.376470588,Waterford-Lone Tree,Clay,
Clayton,BM-HI,9,1.5,BOARDMAN-HIGHLAND,Clayton,
Clayton,BV,1,0.166666667,BUENA VISTA,Clayton,
Clayton,CC-SY,3,0.5,COX CREEK-SPERRY,Clayton,
Clayton,CL-GV,4,0.666666667,CLAYTON-GARNAVILLO,Clayton,
Clayton,CS,5,0.833333333,CASS,Clayton,
Clayton,ELMYVO,3,0.5,ELK-MALLORY-VOLGA,Clayton,
Clayton,FB-WG,3,0.5,FARMERSBURG-WAGNER,Clayton,
Clayton,GDLUMO,7,1.166666667,GIARD-LUANA-MONONA,Clayton,
Clayton,GM,1,0.166666667,GRAND MEADOW,Clayton,
Clayton,JF-MV,12,2,JEFFERSON-MILLVILLE,Clayton,
Clayton,LM,2,0.333333333,LODOMILLO,Clayton,
Clayton,MN,8,1.333333333,MENDON,Clayton,
Clayton,MR,1,0.166666667,MARION,Clayton,
Clayton,RD,1,0.166666667,READ,Clayton,
Clinton,BBRD,3,0.664285714,BLOOMFIELD BROOKFIELD DEL,Clinton,
Clinton,CAM1,8,1.771428571,CAMANCHE 1,Clinton,
Clinton,CAM2,7,1.55,CAMANCHE 2,Clinton,
Clinton,CENT,1,0.221428571,CENTER TWP,Clinton,
Clinton,CL11,7,1.55,CLINTON 1-1,Clinton,
Clinton,CL12,9,1.992857143,CLINTON 1-2,Clinton,
Clinton,CL21,7,1.55,CLINTON 2-1,Clinton,
Clinton,CL22,12,2.657142857,CLINTON 2-2,Clinton,
Clinton,CL31,10,2.214285714,CLINTON 3-1,Clinton,
Clinton,CL32,12,2.657142857,CLINTON 3-2,Clinton,
Clinton,CL41,10,2.214285714,CLINTON 4-1,Clinton,
Clinton,CL42,10,2.214285714,CLINTON 4-2,Clinton,
Clinton,DCGL,2,0.442857143,DEEP CREEK GOOSE LAKE,Clinton,
Clinton,DEW1,8,1.771428571,DEWITT 1,Clinton,
Clinton,DEW2,10,2.214285714,DEWITT 2,Clinton,
Clinton,DEWT,4,0.885714286,DEWITT TWP,Clinton,
Clinton,EDCM,1,0.221428571,EDEN CAMANCHE TWP,Clinton,
Clinton,ERHA,4,0.885714286,ELK RIVER HAMPSHIRE ANDOV,Clinton,
Clinton,LBTO,1,0.221428571,LIBERTY TORONTO,Clinton,
Clinton,LOMO,1,0.221428571,LOW MOOR,Clinton,
Clinton,OGCA,2,0.442857143,OLIVE GRANT CALAMUS,Clinton,
Clinton,ORGM,3,0.664285714,ORANGE GRAND MOUND,Clinton,
Clinton,SHLN,1,0.221428571,SHARON LOST NATION,Clinton,
Clinton,SRWH,3,0.664285714,SPRING ROCK WHEATLAND,Clinton,
Clinton,WFCH,1,0.221428571,WATERFORD CHARLOTTE,Clinton,
Clinton,WWAW,3,0.664285714,WELTON WASHINGTON WELTON,Clinton,
Crawford,CO,2,0.3,Charter Oak,Crawford,
Crawford,D1,6,0.9,Denison Ward 1,Crawford,
Crawford,D2-DT,8,1.2,Denison Ward 2-Denison Twp,Crawford,
Crawford,D3-GR,8,1.2,Denison Ward 3-Goodrich Twp,Crawford,
Crawford,DC-AB,4,0.6,DCAB,Crawford,
Crawford,NE,4,0.6,Northeast,Crawford,
Crawford,SE,5,0.75,Southeast,Crawford,
Crawford,SRK,3,0.45,SRK,Crawford,
Dallas,ADS,2,0.828571429,ADAMS,Dallas,
Dallas,AL1,3,1.242857143,ADEL 1,Dallas,
Dallas,AL2,4,1.657142857,ADEL 2,Dallas,
Dallas,BDM,4,1.657142857,BEAVER / DES MOINES,Dallas,
Dallas,CL5,5,2.071428571,CLIVE 5,Dallas,
Dallas,CL6,6,2.485714286,CLIVE 6,Dallas,
Dallas,COA,2,0.828571429,COLFAX / ADEL,Dallas,
Dallas,DO,1,0.414285714,DESOTO,Dallas,
Dallas,LWL,1,0.414285714,LINCOLN /WASHINGTON /LINN,Dallas,
Dallas,PY1,4,1.657142857,PERRY 1,Dallas,
Dallas,PY2,4,1.657142857,PERRY 2,Dallas,
Dallas,PY3,3,1.242857143,PERRY 3,Dallas,
Dallas,SD,1,0.414285714,SPRING VALLEY / DALLAS,Dallas,
Dallas,SGDC,4,1.657142857,SUGAR GROVE / DALLAS CENTER,Dallas,
Dallas,UN,3,1.242857143,UNION,Dallas,
Dallas,URB13,7,2.9,URBANDALE 13,Dallas,
Dallas,URB14,5,2.071428571,URBANDALE 14,Dallas,
Dallas,URB15,3,1.242857143,URBANDALE 15,Dallas,
Dallas,VM,4,1.657142857,VAN METER,Dallas,
Dallas,WGG,3,1.242857143,WALNUT / GRIMES / GRANT,Dallas,
Dallas,WK1,6,2.485714286,WAUKEE 1,Dallas,
Dallas,WK2,6,2.485714286,WAUKEE 2,Dallas,
Dallas,WK3,7,2.9,WAUKEE 3,Dallas,
Dallas,WK4,5,2.071428571,WAUKEE 4,Dallas,
Dallas,WK5,5,2.071428571,WAUKEE 5,Dallas,
Dallas,WK6,5,2.071428571,WAUKEE 6,Dallas,
Dallas,WM221,8,3.314285714,WEST DES MOINES 221,Dallas,
Dallas,WM222,5,2.071428571,WEST DES MOINES 222,Dallas,
Dallas,WM223,4,1.657142857,WEST DES MOINES 223,Dallas,
Dallas,WM224,1,0.414285714,WEST DES MOINES 224,Dallas,
Dallas,WM225,8,3.314285714,WEST DES MOINES 225,Dallas,
Dallas,WM226,4,1.657142857,WEST DES MOINES 226,Dallas,
Dallas,WM321,5,2.071428571,WEST DES MOINES 321,Dallas,
Dallas,WM322,2,0.828571429,WEST DES MOINES 322,Dallas,
Davis,BF1,16,0.48,Bloomfield Ward 1,Davis,
Davis,BF2,16,0.48,Bloomfield Ward 2,Davis,
Davis,BF3,12,0.36,Bloomfield Ward 3,Davis,
Davis,CN,16,0.48,Central,Davis,
Davis,NE,12,0.36,Northeast,Davis,
Davis,NW,11,0.33,Northwest,Davis,
Davis,SE,10,0.3,Southeast,Davis,
Davis,SW,7,0.21,Southwest,Davis,
Decatur,BL,36,1.694117647,BL/FA/Lamoni,Decatur,
Decatur,BU,4,0.188235294,BU/HA/MO/NB/Davis City/Pleasanton,Decatur,
Decatur,DE,3,0.141176471,DE/Decatur City,Decatur,
Decatur,GG,7,0.329411765,GG/HP/WE/Garden Grove/LeRoy,Decatur,
Decatur,GR,4,0.188235294,GR/RL/Grand River,Decatur,
Decatur,LC,9,0.423529412,FR/LC/Van Wert/Weldon,Decatur,
Decatur,LE,22,1.035294118,CE/ED/Leon,Decatur,
Delaware,ADHG,7,0.525,Adams/Hazel Green,Delaware,
Delaware,CL,5,0.375,Colony,Delaware,
Delaware,DH,7,0.525,Delhi/Delaware Corp,Delaware,
Delaware,DW,6,0.45,Delaware,Delaware,
Delaware,HCEK,9,0.675,Honey Creek/Elk,Delaware,
Delaware,MC1,12,0.9,Manchester Ward 1,Delaware,
Delaware,MC2,14,1.05,Manchester Ward 2,Delaware,
Delaware,MC3,16,1.2,Manchester Ward 3,Delaware,
Delaware,MLPR,12,0.9,Milo/Prairie,Delaware,
Delaware,ONNFBM,13,0.975,Oneida/N Fork/Bremen,Delaware,
Delaware,RLCG,9,0.675,Richland/Coffins Grove,Delaware,
Delaware,SFUN,10,0.75,South Fork/Union,Delaware,
Des Moines,BU1T,6,2.16,PCT 1T,Des Moines,
Des Moines,BU2,7,2.52,PCT 2,Des Moines,
Des Moines,BU3,5,1.8,PCT 3,Des Moines,
Des Moines,BU4,5,1.8,PCT 4,Des Moines,
Des Moines,BU5,5,1.8,PCT 5,Des Moines,
Des Moines,BU6,3,1.08,PCT 6,Des Moines,
Des Moines,BU7,6,2.16,PCT 7,Des Moines,
Des Moines,BU8C,8,2.88,PCT 8,Des Moines,
Des Moines,BU9,7,2.52,PCT 9,Des Moines,
Des Moines,DM,3,1.08,PCT DM,Des Moines,
Des Moines,FM,5,1.8,PCT FM,Des Moines,
Des Moines,HJ,2,0.72,PCT HJ,Des Moines,
Des Moines,MY,4,1.44,PCT MY,Des Moines,
Des Moines,PW,1,0.36,PCT PW,Des Moines,
Des Moines,UNION,2,0.72,PCT UNION,Des Moines,
Des Moines,WB,6,2.16,PCT WB,Des Moines,
Dickinson,PCT 01,5,0.625,Precinct No. 01,Dickinson,
Dickinson,PCT 02,5,0.625,Precinct No. 02,Dickinson,
Dickinson,PCT 03,6,0.75,Precinct No. 03,Dickinson,
Dickinson,PCT 04,2,0.25,Precinct No. 04,Dickinson,
Dickinson,PCT 05,7,0.875,Precinct No. 05,Dickinson,
Dickinson,PCT 06,2,0.25,Precinct No. 06,Dickinson,
Dickinson,PCT 07,1,0.125,Precinct No. 07,Dickinson,
Dickinson,PCT 08,14,1.75,Precinct No. 08,Dickinson,
Dickinson,PCT 09,1,0.125,Precinct No. 09,Dickinson,
Dickinson,PCT 10,4,0.5,Precinct No. 10-City-Wahpeton-W Okoboji,Dickinson,
Dickinson,PCT 11,6,0.75,Precinct No. 11,Dickinson,
Dickinson,PCT 12,4,0.5,Precinct No. 12,Dickinson,
Dickinson,PCT 13,6,0.75,Precinct No. 13,Dickinson,
Dickinson,PCT 14,4,0.5,Precinct No. 14,Dickinson,
Dickinson,PCT 15,13,1.625,Precinct No. 15,Dickinson,
Dubuque,1,10,2.666666667,Dubuque_01,Dubuque,
Dubuque,2,12,3.2,Dubuque_02,Dubuque,
Dubuque,3,7,1.866666667,Dubuque_03,Dubuque,
Dubuque,4,12,3.2,Dubuque_04,Dubuque,
Dubuque,5,11,2.933333333,Dubuque_05,Dubuque,
Dubuque,6,9,2.4,Dubuque_06,Dubuque,
Dubuque,7,12,3.2,Dubuque_07,Dubuque,
Dubuque,8,7,1.866666667,Dubuque_08,Dubuque,
Dubuque,10,11,2.933333333,Dubuque_10,Dubuque,
Dubuque,11,8,2.133333333,Dubuque_11,Dubuque,
Dubuque,12,10,2.666666667,Dubuque_12,Dubuque,
Dubuque,13,7,1.866666667,Dubuque_13,Dubuque,
Dubuque,14,6,1.6,Dubuque_14,Dubuque,
Dubuque,15,8,2.133333333,Dubuque_15,Dubuque,
Dubuque,16,5,1.333333333,Dubuque_16,Dubuque,
Dubuque,17,5,1.333333333,Dubuque_17,Dubuque,
Dubuque,18,7,1.866666667,Dubuque_18,Dubuque,
Dubuque,19,10,2.666666667,Dubuque_19,Dubuque,
Dubuque,20,11,2.933333333,Dubuque_20,Dubuque,
Dubuque,31,11,2.933333333,Dubuque_31,Dubuque,
Dubuque,32,10,2.666666667,Dubuque_32,Dubuque,
Dubuque,33,7,1.866666667,Dubuque_33,Dubuque,
Dubuque,34,10,2.666666667,Dubuque_34,Dubuque,
Dubuque,35,4,1.066666667,Dubuque_35,Dubuque,
Dubuque,36,7,1.866666667,Dubuque_36,Dubuque,
Dubuque,37,3,0.8,Dubuque_37,Dubuque,
Dubuque,38,3,0.8,Dubuque_38,Dubuque,
Dubuque,39,5,1.333333333,Dubuque_39,Dubuque,
Dubuque,40,4,1.066666667,Dubuque_40,Dubuque,
Dubuque,41,7,1.866666667,Dubuque_41,Dubuque,
Dubuque,42,7,1.866666667,Dubuque_42,Dubuque,
Dubuque,43,9,2.4,Dubuque_43,Dubuque,
Dubuque,44,1,0.266666667,Dubuque_44,Dubuque,
Dubuque,45,6,1.6,Dubuque_45,Dubuque,
Dubuque,09A,8,2.133333333,Dubuque_09a,Dubuque,
Emmet,1,4,0.457142857,,Emmet,AG-IL-Armstrong
Emmet,2,1,0.114285714,,Emmet,CN-SL-Gruver
Emmet,3,2,0.228571429,,Emmet,DM-JC-Ringsted
Emmet,4,1,0.114285714,,Emmet,EL-LN-Dolliver
Emmet,5,2,0.228571429,,Emmet,Emmet-Estherville
Emmet,6,5,0.571428571,,Emmet,Estherville Ward 1
Emmet,7,5,0.571428571,,Emmet,Estherville Ward 2
Emmet,8,6,0.685714286,,Emmet,Estherville Ward 3
Emmet,9,4,0.457142857,,Emmet,Estherville Ward 4
Emmet,10,3,0.342857143,,Emmet,Estherville Ward 5
Emmet,11,2,0.228571429,,Emmet,HL-TM-Wallingford
Fayette,AU,2,0.24,AUBURN TWP,Fayette,
Fayette,BF,4,0.48,BANKS-FREMONT TWP,Fayette,
Fayette,BW,4,0.48,BETHEL-WINDSOR TWP,Fayette,
Fayette,CE,1,0.12,CENTER TWP,Fayette,
Fayette,CL,4,0.48,CLERMONT TWP,Fayette,
Fayette,DV,2,0.24,DOVER TWP,Fayette,
Fayette,ED,2,0.24,EDEN TWP,Fayette,
Fayette,FB,3,0.36,FAIRBANK INC,Fayette,
Fayette,FP,4,0.48,FAIRFIELD-PUTNAM TWP,Fayette,
Fayette,HL,4,0.48,HARLAN TWP,Fayette,
Fayette,IL,3,0.36,ILLYRIA TWP,Fayette,
Fayette,JF,3,0.36,JEFFERSON TWP,Fayette,
Fayette,OE1,8,0.96,OELWEIN - WARD 1,Fayette,
Fayette,OE2,7,0.84,OELWEIN - WARD 2,Fayette,
Fayette,OE3,9,1.08,OELWEIN - WARD 3,Fayette,
Fayette,OE4,11,1.32,OELWEIN - WARD 4,Fayette,
Fayette,OR,2,0.24,ORAN TWP,Fayette,
Fayette,PL,5,0.6,PLEASANT VALLEY TWP,Fayette,
Fayette,SC,1,0.12,SCOTT TWP,Fayette,
Fayette,SF,1,0.12,SMITHFIELD TWP,Fayette,
Fayette,UN,1,0.12,UNION TWP,Fayette,
Fayette,WE1,5,0.6,WEST UNION - WARD 1,Fayette,
Fayette,WE2,3,0.36,WEST UNION - WARD 2,Fayette,
Fayette,WE3,4,0.48,WEST UNION - WARD 3,Fayette,
Fayette,WF,7,0.84,WESTFIELD TWP,Fayette,
Floyd,CC1,14,1.555555556,Charles City Corp/CC1,Floyd,
Floyd,CC2,17,1.888888889,Charles City Corp/CC2,Floyd,
Floyd,CC3,15,1.666666667,Charles City Corp/CC3,Floyd,
Floyd,FLCENI,8,0.888888889,Floyd-Cedar-Niles,Floyd,
Floyd,RFUL,8,0.888888889,Rockford-Ulster,Floyd,
Floyd,RGRU,13,1.444444444,Rock Grove-Rudd,Floyd,
Floyd,SCRV,10,1.111111111,St Charles-Riverton,Floyd,
Floyd,SCUNPG,5,0.555555556,Scott-Union-Pleasant Grove,Floyd,
Franklin,GNIGEM,6,0.333333333,GENEVA/ INGHAM/ EAST MOTT,Franklin,
Franklin,GROC,4,0.222222222,GRANT/ OSCEOLA,Franklin,
Franklin,HLLERV,5,0.277777778,HAMILTON/ LEE/ REEVE,Franklin,
Franklin,HP1,8,0.444444444,HAMPTON 1,Franklin,
Franklin,HP2,10,0.555555556,HAMPTON 2,Franklin,
Franklin,HP3,12,0.666666667,HAMPTON 3,Franklin,
Franklin,HP4,11,0.611111111,HAMPTON 4,Franklin,
Franklin,MA,5,0.277777778,MARION,Franklin,
Franklin,OKMG,5,0.277777778,OAKLAND/ MORGAN,Franklin,
Franklin,RLRSWF,16,0.888888889,RICHLAND/ ROSS/ WEST FORK,Franklin,
Franklin,WMO,4,0.222222222,WEST MOTT TOWNSHIP,Franklin,
Franklin,WRSC,4,0.222222222,WISNER/ SCOTT,Franklin,
Fremont,FG,8,0.6,Farragut,Fremont,
Fremont,GNRSSC,11,0.825,Green Riverside Scott,Fremont,
Fremont,HB,7,0.525,Hamburg/Washington,Fremont,
Fremont,RT,2,0.15,Riverton,Fremont,
Fremont,SN,12,0.9,Sidney,Fremont,
Greene,CENTRAL,5,0.6,Central Precinct,Greene,
Greene,EAST,7,0.84,East Precinct,Greene,
Greene,J1,8,0.96,Jefferson 1 Precinct,Greene,
Greene,J2,8,0.96,Jefferson 2 Precinct,Greene,
Greene,J3,12,1.44,Jefferson 3 Precinct,Greene,
Greene,NORTH,6,0.72,North Precinct,Greene,
Greene,WEST,4,0.48,West Precinct,Greene,
Grundy,P1,9,0.9,PRECINCT 1,Grundy,
Grundy,P2,3,0.3,PRECINCT 2,Grundy,
Grundy,P3,4,0.4,PRECINCT 3,Grundy,
Grundy,P4,3,0.3,PRECINCT 4,Grundy,
Grundy,P5,14,1.4,PRECINCT 5,Grundy,
Grundy,P6,13,1.3,PRECINCT 6,Grundy,
Grundy,P7,14,1.4,PRECINCT 7,Grundy,
Guthrie,1,5,0.428571429,,Guthrie,Black
Guthrie,2,16,1.371428571,,Guthrie,Blue
Guthrie,3,6,0.514285714,,Guthrie,Brown
Guthrie,4,14,1.2,,Guthrie,Gold
Guthrie,5,8,0.685714286,,Guthrie,Green
Guthrie,6,16,1.371428571,,Guthrie,Purple
Guthrie,7,3,0.257142857,,Guthrie,Red
Guthrie,8,2,0.171428571,,Guthrie,White
Hamilton,PCT 1,7,0.7,PCT 1 CASS FREEDOM FREMONT INDEPENDENCE,Hamilton,
Hamilton,PCT 2,5,0.5,PCT 2 BLAIRSBURG LIBERTY WILLIAMS,Hamilton,
Hamilton,PCT 3,11,1.1,PCT 3 CLEAR LAKE HAMILTON MARION WEBSTER,Hamilton,
Hamilton,PCT 4,12,1.2,PCT 4 LYON ELLSWORTH,Hamilton,
Hamilton,PCT 5,6,0.6,PCT 5 LINCOLN ROSE GROVE SCOTT,Hamilton,
Hamilton,WC1,17,1.7,Webster City 1,Hamilton,
Hamilton,WC2,20,2,Webster City 2,Hamilton,
Hamilton,WC3,12,1.2,Webster City 3,Hamilton,
Hancock,1,6,0.6,Precinct 01,Hancock,
Hancock,2,2,0.2,Precinct 02,Hancock,
Hancock,3,2,0.2,Precinct 03,Hancock,
Hancock,4,10,1,Precinct 04,Hancock,
Hancock,5,1,0.1,Precinct 05,Hancock,
Hancock,6,17,1.7,Precinct 06,Hancock,
Hancock,7,4,0.4,Precinct 07,Hancock,
Hancock,8,2,0.2,Precinct 08,Hancock,
Hancock,9,4,0.4,Precinct 09,Hancock,
Hancock,10,2,0.2,Precinct 10,Hancock,
Hardin,AL,10,0.72,Alden/Buckeye,Hardin,
Hardin,CC,16,1.152,Concord/Sherman/Grant/Tip,Hardin,
Hardin,EL,12,0.864,Eldora/Pleasant/Prov/Unio,Hardin,
Hardin,ELC,17,1.224,Eldora City,Hardin,
Hardin,ET,17,1.224,Etna/Clay,Hardin,
Hardin,HA,12,0.864,Hardin/Ellis/Jackson,Hardin,
Hardin,IF1,19,1.368,Iowa Falls #1,Hardin,
Hardin,IF2,22,1.584,Iowa Falls #2,Hardin,
Harrison,BO,3,0.28,Precinct #06-Boyer/Lincoln,Harrison,
Harrison,HS,9,0.84,,Harrison,Precinct #02-Pisgah
Harrison,JA,3,0.28,,Harrison,Precinct #03-Dunlap
Harrison,JF,3,0.28,Precinct #09-Jefferson/LaGrange,Harrison,Precinct #04-Mondamin
Harrison,LO,8,0.746666667,Precinct #10 - Logan,Harrison,Precinct #05-Magnolia
Harrison,LS,2,0.186666667,Precinct #01-Little Sioux,Harrison,
Harrison,MA,5,0.466666667,,Harrison,
Harrison,MR,4,0.373333333,,Harrison,Precinct #08-Modale
Harrison,MV,14,1.306666667,Precinct #12 - Missouri Valley,Harrison,
Harrison,SJ,7,0.653333333,Precinct #11 - St. John,Harrison,
Harrison,TA,5,0.466666667,,Harrison,
Harrison,WB,8,0.746666667,Precinct #07 - Woodbine,Harrison,
Harrison,WS,4,0.373333333,,Harrison,Precinct #13-Persia
Henry,CE,20,1.333333333,Central Precinct,Henry,
Henry,MP1,16,1.066666667,Mt. Pleasant Ward 1,Henry,
Henry,MP2,18,1.2,Mt. Pleasant Ward 2,Henry,
Henry,MP3,17,1.133333333,Mt. Pleasant Ward 3,Henry,
Henry,MP4,13,0.866666667,Mt. Pleasant Ward 4,Henry,
Henry,NE,13,0.866666667,Northeast Precinct,Henry,
Henry,NW,13,0.866666667,Northwest Precinct,Henry,
Henry,SE,30,2,Southeast Precinct,Henry,
Henry,SW,10,0.666666667,Southwest Precinct,Henry,
Howard,AF,6,0.857142857,Afton/Howard/Paris,Howard,
Howard,AL,3,0.428571429,Albion/Forest City,Howard,
Howard,CR1A,2,0.285714286,Cresco 1 A,Howard,
Howard,CR1B,5,0.714285714,Vernon Springs,Howard,
Howard,CR2,6,0.857142857,Cresco 2,Howard,
Howard,CR3,5,0.714285714,Cresco 3,Howard,
Howard,NO,3,0.428571429,New Oregon,Howard,
Howard,RJO,2,0.285714286,Jamestown/Oakdale,Howard,
Howard,SHC,3,0.428571429,Saratoga/Howard Ctr/Chest,Howard,
Humboldt,A-NW,3,0.266666667,Avery-North Weaver,Humboldt,
Humboldt,DC-GR,5,0.444444444,Dakota City-Grove,Humboldt,
Humboldt,D-W-NR,3,0.266666667,Delana-Wacousta-North Rutland,Humboldt,
Humboldt,H1-C-SW,10,0.888888889,Humboldt 1-Corinth-South Weaver,Humboldt,
Humboldt,H2-B-SN,9,0.8,Humboldt 2-Beaver-South Norway,Humboldt,
Humboldt,H3-SR,10,0.888888889,Humboldt 3-South Rutland,Humboldt,
Humboldt,H-WV,2,0.177777778,Humboldt-West Vernon,Humboldt,
Humboldt,NL-EV,2,0.177777778,North Lake-East Vernon,Humboldt,
Humboldt,SL-NN,1,0.088888889,South Lake-North Norway,Humboldt,
Ida,BL,2,0.3,City of Battle Creek &amp; Grant Township,Ida,City of Arthur
Ida,GG,6,0.9,,Ida,
Ida,GV,1,0.15,,Ida,City of Galva
Ida,IG1,2,0.3,Ida Grove Ward 1,Ida,City of Holstein
Ida,IG2,2,0.3,Ida Grove Ward 2,Ida,
Ida,IG3,3,0.45,Ida Grove Ward 3,Ida,
Ida,MP,4,0.6,,Ida,
Iowa,DA,3,0.3,Dayton/English I,Iowa,
Iowa,EN,6,0.6,English II,Iowa,
Iowa,FM,8,0.8,Fillmore/Greene,Iowa,
Iowa,HC,3,0.3,Honey Creek/Marengo Rural,Iowa,
Iowa,HL,6,0.6,Hartford II/Lincoln,Iowa,
Iowa,HS,3,0.3,Hartford I/Sumner,Iowa,
Iowa,HT,8,0.8,Hilton/Washington,Iowa,
Iowa,LX,20,2,Lenox/Iowa,Iowa,
Iowa,MR,14,1.4,Marengo City,Iowa,
Iowa,PI,6,0.6,Pilot/Troy/York,Iowa,
Iowa,WM,23,2.3,Williamsburg,Iowa,
Jackson,1,13,2.228571429,Jackson 01,Jackson,
Jackson,2,3,0.514285714,Jackson 02,Jackson,
Jackson,3,3,0.514285714,Jackson 03,Jackson,
Jackson,4,4,0.685714286,Jackson 04,Jackson,
Jackson,5,3,0.514285714,Jackson 05,Jackson,
Jackson,6,4,0.685714286,Jackson 06,Jackson,
Jackson,7,6,1.028571429,Jackson 07,Jackson,
Jackson,8,3,0.514285714,Jackson 08,Jackson,
Jackson,9,5,0.857142857,Jackson 09,Jackson,
Jackson,10,2,0.342857143,Jackson 10,Jackson,
Jackson,11,2,0.342857143,Jackson 11,Jackson,
Jackson,12,4,0.685714286,Jackson 12,Jackson,
Jackson,13,3,0.514285714,Jackson 13,Jackson,
Jackson,14,4,0.685714286,Jackson 14,Jackson,
Jackson,15,5,0.857142857,Jackson 15,Jackson,
Jackson,16,6,1.028571429,Jackson 16,Jackson,
Jasper,CF-1,4,0.46,Colfax Ward 1,Jasper,
Jasper,CF-2,5,0.575,Colfax Ward 2,Jasper,
Jasper,CF-3,4,0.46,Colfax Ward 3,Jasper,
Jasper,CP,9,1.035,Clear Creek/Poweshiek,Jasper,
Jasper,DM,11,1.265,Des Moines,Jasper,
Jasper,EL,4,0.46,Elk Creek/Lynngrove,Jasper,
Jasper,FV,13,1.495,Fairview,Jasper,
Jasper,HR,17,1.955,HG/K/RC/BV/RL,Jasper,
Jasper,IMM,12,1.38,Indep/Malaka/Mariposa,Jasper,
Jasper,MW,6,0.69,Mound Prairie/Washington,Jasper,
Jasper,NS,13,1.495,Newton/Sherman,Jasper,
Jasper,NT1-1,13,1.495,Newton 1-1,Jasper,
Jasper,NT1-2,10,1.15,Newton 1-2,Jasper,
Jasper,NT2-1,14,1.61,Newton 2-1,Jasper,
Jasper,NT2-2,11,1.265,Newton 2-2,Jasper,
Jasper,NT3-1,14,1.61,Newton 3-1,Jasper,
Jasper,NT3-2,10,1.15,Newton 3-2,Jasper,
Jasper,NT4-1,16,1.84,Newton 4-1,Jasper,
Jasper,NT4-2,9,1.035,Newton 4-2,Jasper,
Jasper,PA,5,0.575,Palo Alto,Jasper,
Jefferson,BH-PO,1,0.218181818,Blackhawk-Polk-Packwood,Jefferson,
Jefferson,BU,2,0.436363636,Buchanan Township,Jefferson,
Jefferson,CT,8,1.745454545,Center-Cedar-Maharishi Vedic City,Jefferson,
Jefferson,DM,1,0.218181818,Des Moines-Liberty-Libertyville,Jefferson,
Jefferson,FF1,9,1.963636364,Fairfield 1st Ward,Jefferson,
Jefferson,FF2,11,2.4,Fairfield 2nd Ward,Jefferson,
Jefferson,FF3,4,0.872727273,Fairfield 3rd Ward,Jefferson,
Jefferson,FF4,8,1.745454545,Fairfield 4th Ward,Jefferson,
Jefferson,FF5,7,1.527272727,Fairfield 5th Ward,Jefferson,
Jefferson,LG,1,0.218181818,Locust Grove-Batavia,Jefferson,
Jefferson,PN,1,0.218181818,Penn-Pleasant Plain,Jefferson,
Jefferson,WLR,2,0.436363636,Lockridge-Round Prairie-Walnut-Lockridge City-Coppock,Jefferson,
Johnson,BG,4,1.62,BIG GROVE TOWNSHIP,Johnson,
Johnson,CC,8,3.24,CLEAR CREEK/TIFFIN,Johnson,
Johnson,CE,1,0.405,CEDAR TOWNSHIP,Johnson,
Johnson,CV.01,9,3.645,CORALVILLE 01,Johnson,
Johnson,CV.02,8,3.24,CORALVILLE 02,Johnson,
Johnson,CV.03,5,2.025,CORALVILLE 03,Johnson,
Johnson,CV.04,7,2.835,CORALVILLE 04,Johnson,
Johnson,CV.05,7,2.835,CORALVILLE 05,Johnson,
Johnson,CV.06,10,4.05,CORALVILLE 06,Johnson,
Johnson,CV.07,9,3.645,CORALVILLE 07,Johnson,
Johnson,FR,4,1.62,FREMONT-LINCOLN (INCLUDES,Johnson,
Johnson,GR,1,0.405,GRAHAM TOWNSHIP,Johnson,
Johnson,HD,1,0.405,HARDIN TOWNSHIP,Johnson,
Johnson,HS,2,0.81,HILLS,Johnson,
Johnson,IC.01,12,4.86,IOWA CITY 01,Johnson,
Johnson,IC.02,10,4.05,IOWA CITY 02,Johnson,
Johnson,IC.03,7,2.835,IOWA CITY 03,Johnson,
Johnson,IC.04,10,4.05,IOWA CITY 04,Johnson,
Johnson,IC.05,9,3.645,IOWA CITY 05,Johnson,
Johnson,IC.06,11,4.455,IOWA CITY 06,Johnson,
Johnson,IC.07,8,3.24,IOWA CITY 07,Johnson,
Johnson,IC.08,10,4.05,IOWA CITY 08,Johnson,
Johnson,IC.09,9,3.645,IOWA CITY 09,Johnson,
Johnson,IC.10,7,2.835,IOWA CITY 10/ELSW,Johnson,
Johnson,IC.11,8,3.24,IOWA CITY 11,Johnson,
Johnson,IC.12,9,3.645,IOWA CITY 12/EAST LUCAS SE,Johnson,
Johnson,IC.13,7,2.835,IOWA CITY 13,Johnson,
Johnson,IC.14,9,3.645,IOWA CITY 14,Johnson,
Johnson,IC.15,6,2.43,IOWA CITY 15,Johnson,
Johnson,IC.16,11,4.455,IOWA CITY 16,Johnson,
Johnson,IC.17,12,4.86,IOWA CITY 17,Johnson,
Johnson,IC.18,12,4.86,IOWA CITY 18,Johnson,
Johnson,IC.19,7,2.835,IOWA CITY 19,Johnson,
Johnson,IC.20,9,3.645,IOWA CITY 20,Johnson,
Johnson,IC.21,10,4.05,IOWA CITY 21,Johnson,
Johnson,IC.22,8,3.24,IOWA CITY 22,Johnson,
Johnson,IC.23,12,4.86,IOWA CITY 23,Johnson,
Johnson,IC.24,12,4.86,IOWA CITY 24,Johnson,
Johnson,JE,5,2.025,JEFFERSON EAST/SHUEYVILLE,Johnson,
Johnson,JW,5,2.025,JW/MN/SW,Johnson,
Johnson,LB,2,0.81,LIBERTY-PLEASANT VALLEY,Johnson,
Johnson,NL.01,7,2.835,NORTH LIBERTY 01,Johnson,
Johnson,NL.02,7,2.835,NORTH LIBERTY 02,Johnson,
Johnson,NL.03,9,3.645,NORTH LIBERTY 03 (PW),Johnson,
Johnson,NL.04,6,2.43,NORTH LIBERTY 04,Johnson,
Johnson,NL.05,6,2.43,NORTH LIBERTY 05,Johnson,
Johnson,NL.06,11,4.455,NL06/MADISON /CCN,Johnson,
Johnson,NP,7,2.835,NEWPORT TOWNSHIP,Johnson,
Johnson,OX,3,1.215,OXFORD TOWNSHIP/OXFORD,Johnson,
Johnson,PN,10,4.05,PENN/ EAST LUCAS NORTH,Johnson,
Johnson,SC,4,1.62,SCOTT TWP-WEST BRANCH,Johnson,
Johnson,SN,1,0.405,SHARON TOWNSHIP,Johnson,
Johnson,SO,6,2.43,SOLON,Johnson,
Johnson,UH,4,1.62,UNION TOWNSHIP,Johnson,
Johnson,UN,2,0.81,UNIVERSITY HEIGHTS,Johnson,
Johnson,WL,3,1.215,WASHINGTON TOWNSHIP,Johnson,
Johnson,WS,1,0.405,WEST LUCAS TOWNSHIP,Johnson,
Jones,ANN,9,1.44,ANN-ANAMOSA NORTH/CASS,Jones,
Jones,ANS,13,2.08,ANS-ANAMOSA SOUTH/JACKSON,Jones,
Jones,CGLW,8,1.28,CGLW-CASTLE GRV/LOV/WAYN,Jones,
Jones,FV,8,1.28,FV-FAIRVIEW,Jones,
Jones,GF,3,0.48,GF-GREENFIELD,Jones,
Jones,MN1,4,0.64,MN1-MONTICELLO 1,Jones,
Jones,MN2,4,0.64,MN2-MONTICELLO 2,Jones,
Jones,MN3,4,0.64,MN3-MONTICELLO 3,Jones,
Jones,MN4,4,0.64,MN4-MONTICELLO 4,Jones,
Jones,OX,2,0.32,OX-OXFORD,Jones,
Jones,RLWS,4,0.64,RLWS-RICHLAND WASHINGTON,Jones,
Jones,ROHA,5,0.8,ROHA-ROME/HALE,Jones,
Jones,SGMC,4,0.64,SGMC-SC GRV/MADISON/CLAY,Jones,
Jones,WY,3,0.48,WY-WYOMING,Jones,
Keokuk,AD,2,0.228571429,Adams,Keokuk,
Keokuk,BN,3,0.342857143,Benton/Steady Run,Keokuk,
Keokuk,ER,4,0.457142857,English River/Liberty,Keokuk,
Keokuk,JA,1,0.114285714,Jackson,Keokuk,
Keokuk,LC,1,0.114285714,East/West Lancaster,Keokuk,
Keokuk,LF/CC,6,0.685714286,Lafayette/Clear Creek,Keokuk,
Keokuk,PR,1,0.114285714,Prairie,Keokuk,
Keokuk,RL,2,0.228571429,Richland,Keokuk,
Keokuk,SG1,2,0.228571429,Sigourney 1st Ward,Keokuk,
Keokuk,SG2,2,0.228571429,Sigourney 2nd Ward,Keokuk,
Keokuk,SG3,2,0.228571429,Sigourney 3rd Ward,Keokuk,
Keokuk,SG4,2,0.228571429,Sigourney 4th Ward,Keokuk,
Keokuk,SGR,3,0.342857143,Sigourney/Plank/Van Buren,Keokuk,
Keokuk,WC,3,0.342857143,What Cheer/Washington,Keokuk,
Keokuk,WN,1,0.114285714,Warren,Keokuk,
Kossuth,AL1,9,0.8,AL1,Kossuth,
Kossuth,AL2,12,1.066666667,AL2,Kossuth,
Kossuth,AL3,10,0.888888889,AL3,Kossuth,
Kossuth,AL4,8,0.711111111,AL4,Kossuth,
Kossuth,BF,5,0.444444444,BF- PT,Kossuth,
Kossuth,BT,8,0.711111111,BT- FT- UN,Kossuth,
Kossuth,CR,6,0.533333333,CR- IV- RV,Kossuth,
Kossuth,CR 1,1,0.088888889,CR 1,Kossuth,
Kossuth,CR 2,2,0.177777778,CR 2,Kossuth,
Kossuth,EG,5,0.444444444,EG- GT- HS- SW,Kossuth,
Kossuth,GF,4,0.355555556,GF- WM,Kossuth,
Kossuth,GM,5,0.444444444,GM- RM,Kossuth,
Kossuth,GW,1,0.088888889,GW- SN,Kossuth,
Kossuth,HB,4,0.355555556,HB- LY- LN- SF,Kossuth,
Kossuth,IV,1,0.088888889,IV- PC,Kossuth,
Kossuth,LC,1,0.088888889,LC,Kossuth,
Kossuth,LV,2,0.177777778,LV- SM,Kossuth,
Kossuth,PC,1,0.088888889,PC,Kossuth,
Kossuth,PR,4,0.355555556,PR- WL,Kossuth,
Kossuth,UN,1,0.088888889,UN,Kossuth,
Lee,CH VB,6,0.84,Charleston/DSM/Van Buren,Lee,
Lee,FM1,5,0.7,Fort Madison 1,Lee,
Lee,FM2,9,1.26,Fort Madison 2,Lee,
Lee,FM3,11,1.54,Fort Madison 3,Lee,
Lee,FM4A,11,1.54,Fort Madison 4,Lee,
Lee,FM4B,0,0,,Lee,
Lee,FM5,12,1.68,Fort Madison 5,Lee,
Lee,FR CE,10,1.4,Franklin/Cedar/Marion/Harison,Lee,
Lee,HR,0,0,,Lee,
Lee,JF,4,0.56,Jefferson,Lee,
Lee,JK,7,0.98,Jackson,Lee,
Lee,KE1,5,0.7,Keokuk 1,Lee,
Lee,KE2A,5,0.7,Keokuk 2,Lee,
Lee,KE2B,0,0,,Lee,
Lee,KE3,6,0.84,Keokuk 3,Lee,
Lee,KE4,6,0.84,Keokuk 4,Lee,
Lee,KE5,8,1.12,Keokuk 5,Lee,
Lee,KE6,7,0.98,Keokuk 6,Lee,
Lee,KE7,8,1.12,Keokuk 7,Lee,
Lee,MO,7,0.98,Montrose,,
Lee,WPPRDN,13,1.82,West Point/Pleasant Ridge/Denmark,,
Lee,WS GB,10,1.4,Green Bay/Washington,,
Linn,CR01,5,2.197674419,Cedar Rapids 01,Linn,
Linn,CR02,5,2.197674419,Cedar Rapids 02,Linn,
Linn,CR03,5,2.197674419,Cedar Rapids 03,Linn,
Linn,CR04,5,2.197674419,Cedar Rapids 04,Linn,
Linn,CR05,6,2.637209302,Cedar Rapids 05,Linn,
Linn,CR06,6,2.637209302,Cedar Rapids 06,Linn,
Linn,CR07,4,1.758139535,Cedar Rapids 07,Linn,
Linn,CR08,5,2.197674419,Cedar Rapids 08,Linn,
Linn,CR09,5,2.197674419,Cedar Rapids 09,Linn,
Linn,CR10,7,3.076744186,Cedar Rapids 10,Linn,
Linn,CR11,6,2.637209302,Cedar Rapids 11,Linn,
Linn,CR12,8,3.51627907,Cedar Rapids 12,Linn,
Linn,CR13,6,2.637209302,Cedar Rapids 13,Linn,
Linn,CR14,6,2.637209302,Cedar Rapids 14,Linn,
Linn,CR15,5,2.197674419,Cedar Rapids 15,Linn,
Linn,CR16,6,2.637209302,Cedar Rapids 16,Linn,
Linn,CR17,6,2.637209302,Cedar Rapids 17,Linn,
Linn,CR18,4,1.758139535,Cedar Rapids 18,Linn,
Linn,CR19,7,3.076744186,Cedar Rapids 19,Linn,
Linn,CR20,7,3.076744186,Cedar Rapids 20,Linn,
Linn,CR21,7,3.076744186,Cedar Rapids 21,Linn,
Linn,CR22,4,1.758139535,Cedar Rapids 22,Linn,
Linn,CR23,6,2.637209302,Cedar Rapids 23,Linn,
Linn,CR24,8,3.51627907,Cedar Rapids 24,Linn,
Linn,CR25,9,3.955813953,Cedar Rapids 25,Linn,
Linn,CR26,9,3.955813953,Cedar Rapids 26,Linn,
Linn,CR27,5,2.197674419,Cedar Rapids 27,Linn,
Linn,CR28,7,3.076744186,Cedar Rapids 28,Linn,
Linn,CR29,6,2.637209302,Cedar Rapids 29,Linn,
Linn,CR30,7,3.076744186,Cedar Rapids 30,Linn,
Linn,CR31,8,3.51627907,Cedar Rapids 31,Linn,
Linn,CR32,6,2.637209302,Cedar Rapids 32,Linn,
Linn,CR33,6,2.637209302,Cedar Rapids 33,Linn,
Linn,CR34,6,2.637209302,Cedar Rapids 34,Linn,
Linn,CR35,6,2.637209302,Cedar Rapids 35,Linn,
Linn,CR36,8,3.51627907,Cedar Rapids 36,Linn,
Linn,CR37,7,3.076744186,Cedar Rapids 37,Linn,
Linn,CR38,5,2.197674419,Cedar Rapids 38,Linn,
Linn,CR39,8,3.51627907,Cedar Rapids 39,Linn,
Linn,CR40,5,2.197674419,Cedar Rapids 40,Linn,
Linn,CR41,7,3.076744186,Cedar Rapids 41,Linn,
Linn,CR42,5,2.197674419,Cedar Rapids 42,Linn,
Linn,CR43,4,1.758139535,Cedar Rapids 43,Linn,
Linn,CR44,3,1.318604651,Cedar Rapids 44,Linn,
Linn,FAI,5,2.197674419,Fairfax City,Linn,
Linn,HIA01,6,2.637209302,Hiawatha 1,Linn,
Linn,HIA02,4,1.758139535,Hiawatha 2,Linn,
Linn,HIA03,2,0.879069767,Hiawatha 3,Linn,
Linn,HIA04,1,0.439534884,Hiawatha4,Linn,
Linn,MR01,5,2.197674419,Marion 01,Linn,
Linn,MR02,3,1.318604651,Marion 02,Linn,
Linn,MR03,5,2.197674419,Marion 03,Linn,
Linn,MR04,4,1.758139535,Marion 04,Linn,
Linn,MR05,8,3.51627907,Marion 05,Linn,
Linn,MR06,7,3.076744186,Marion 06,Linn,
Linn,MR07,6,2.637209302,Marion 07,Linn,
Linn,MR08,6,2.637209302,Marion 08,Linn,
Linn,MR09,5,2.197674419,Marion 09,Linn,
Linn,MR10,5,2.197674419,Marion 10,Linn,
Linn,MR11,6,2.637209302,Marion 11,Linn,
Linn,MR12,3,1.318604651,Marion 12,Linn,
Linn,MR13,6,2.637209302,Marion 13,Linn,
Linn,MR14,4,1.758139535,Marion 14,Linn,
Linn,MVN,4,1.758139535,Mount Vernon north,Linn,
Linn,MVS,7,3.076744186,Mount Vernon South,Linn,
Linn,ROB,6,2.637209302,Robins,Linn,
Linn,TBER,7,3.076744186,Bertram,Linn,
Linn,TBOU,1,0.439534884,Boulder,Linn,
Linn,TBRO,3,1.318604651,Brown,Linn,
Linn,TBUF,1,0.439534884,Buffalo,Linn,
Linn,TCLI,2,0.879069767,Clinton,Linn,
Linn,TCOL,1,0.439534884,College,Linn,
Linn,TFAI,3,1.318604651,Fairfax Township,Linn,
Linn,TFAY,2,0.879069767,Fayette,Linn,
Linn,TFRA,6,2.637209302,Franklin,Linn,
Linn,TGRA,2,0.879069767,Grant,Linn,
Linn,TJAC,2,0.879069767,Jackson,Linn,
Linn,TLIN,1,0.439534884,Linn,Linn,
Linn,TMAI,3,1.318604651,Maine,Linn,
Linn,TMAR,2,0.879069767,Marion township,Linn,
Linn,TMON1,3,1.318604651,Monroe 1,Linn,
Linn,TMON2,3,1.318604651,Monroe 2,Linn,
Linn,TOTT,2,0.879069767,Otter Creek,Linn,
Linn,TPUT,5,2.197674419,Putnam,Linn,
Linn,TSPR,1,0.439534884,Spring Grove,Linn,
Linn,TWAS,6,2.637209302,Washington,Linn,
Louisa,CJ,9,0.9,Columbus Junction,Louisa,
Louisa,GV,9,0.9,Grandview-Port Louisa,Louisa,
Louisa,MS,6,0.6,Morning Sun - Marshall,Louisa,
Louisa,SEL,15,1.5,Southeast Louisa,Louisa,
Louisa,WL,11,1.1,West Louisa,Louisa,
Lucas,C1,14,1.018181818,Chariton Precinct 1,Lucas,
Lucas,C2,13,0.945454545,Chariton Precinct 2,Lucas,
Lucas,EX,4,0.290909091,Lucas-Extension Office Precinct,Lucas,
Lucas,LC,6,0.436363636,Lucas,Lucas,
Lucas,POM,5,0.363636364,Pine Oak Marsh,Lucas,
Lucas,RS,6,0.436363636,City of Russell- Cedar and Washington Townships,Lucas,
Lucas,WM,7,0.509090909,Williamson,Lucas,
Lyon,P1,5,0.5,PCT 1 GEORGE,Lyon,
Lyon,P2,2,0.2,PCT 2 DOON,Lyon,
Lyon,P3,3,0.3,PCT 3 INWOOD,Lyon,
Lyon,P4,7,0.7,PCT 4 LARCHWOOD,Lyon,
Lyon,P5,2,0.2,PCT 5 LESTER,Lyon,
Lyon,P6,1,0.1,PCT 6 LITTLE ROCK,Lyon,
Lyon,P7,4,0.4,PCT 7 ROCK RAPIDS,Lyon,
Lyon,P8,6,0.6,PCT 8 ROCK RAPIDS,Lyon,
Madison,GMW,3,0.36,Grand River-Monroe-Webster,Madison,
Madison,JDL,6,0.72,Jackson-Douglas-Lincoln,Madison,
Madison,JL,7,0.84,Jefferson-Lee,Madison,
Madison,PM,10,1.2,Penn-Madison,Madison,
Madison,S,7,0.84,South,Madison,
Madison,UCS,11,1.32,Union-Crawford-Scott,Madison,
Madison,WO,5,0.6,Walnut-Ohio,Madison,
Madison,WT1,13,1.56,Winterset 1,Madison,
Madison,WT2,13,1.56,Winterset 2,Madison,
Mahaska,AD,2,0.32,ADAMS - MONROE - PLEASANT GROVE - UNION,Mahaska,
Mahaska,BO,2,0.32,BLACK OAK SCOTT,Mahaska,
Mahaska,CE,4,0.64,CEDAR - HARRISON - WHITE OAK,Mahaska,
Mahaska,ED,2,0.32,E&amp;W DES MOINES - JEFFERSON,Mahaska,
Mahaska,GF,3,0.48,GARFIELD-LINCOLN-MADISON,Mahaska,
Mahaska,OS1,6,0.96,OSKALOOSA WARD 1,Mahaska,
Mahaska,OS2,7,1.12,OSKALOOSA WARD 2,Mahaska,
Mahaska,OS3,9,1.44,OSKALOOSA WARD 3 - UNIVERSITY PARK,Mahaska,
Mahaska,OS4,8,1.28,OSKALOOSA WARD 4,Mahaska,
Mahaska,PR,4,0.64,PRAIRIE - RICHLAND,Mahaska,
Mahaska,SP,3,0.48,SPRING CREEK,Mahaska,
Marion,CL,2,0.36,Clay,Marion,
Marion,DA,6,1.08,Dallas,Marion,
Marion,IN,2,0.36,Indiana Township,Marion,
Marion,KX1,6,1.08,Knoxville 1,Marion,
Marion,KX2,6,1.08,Knoxville 2,Marion,
Marion,KX3,9,1.62,Knoxville 3,Marion,
Marion,KX4,5,0.9,Knoxville 4,Marion,
Marion,KXT,9,1.62,Knoxville Township,Marion,
Marion,LB,2,0.36,Liberty,Marion,
Marion,LP,5,0.9,Lake Prairie Township,Marion,
Marion,OTLEY,6,1.08,Otley,Marion,
Marion,PE1,7,1.26,Pella 1,Marion,
Marion,PE2,7,1.26,Pella 2,Marion,
Marion,PE3,8,1.44,Pella 3,Marion,
Marion,PE4,6,1.08,Pella 4,Marion,
Marion,PVLLE,12,2.16,Pleasantville,Marion,
Marion,WS,2,0.36,Washington Township,Marion,
Marshall,1 BA-LS,3,0.48,BANGOR/LISCOMB,Marshall,
Marshall,10 1-2,9,1.44,MARSHALLTOWN 1-2,Marshall,
Marshall,11 2-1,12,1.92,MARSHALLTOWN 2-1,Marshall,
Marshall,12 2-2,15,2.4,MARSHALLTOWN 2-2,Marshall,
Marshall,13 3-1,14,2.24,MARSHALLTOWN 3-1,Marshall,
Marshall,14 3-2,18,2.88,MARSHALLTOWN 3-2,Marshall,
Marshall,15 4-1,13,2.08,MARSHALLTOWN 4-1,Marshall,
Marshall,16 4-2,14,2.24,MARSHALLTOWN 4-2,Marshall,
Marshall,17 SC,7,1.12,STATE CENTER,Marshall,
Marshall,18 TA,5,0.8,TAYLOR,Marshall,
Marshall,19 TC,4,0.64,TIMBER CREEK,Marshall,
Marshall,2 ED-LO,7,1.12,EDEN / LOGAN,Marshall,
Marshall,3 GC,3,0.48,GREEN CASTLE,Marshall,
Marshall,4 JF,3,0.48,JEFFERSON,Marshall,
Marshall,5 LG,6,0.96,LEGRAND,Marshall,
Marshall,6 LB-MI,2,0.32,LIBERTY / MINERVA,Marshall,
Marshall,7 MA-WA,2,0.32,MARIETTA / WASHINGTON,Marshall,
Marshall,8 MR-VI,4,0.64,MARION / VIENNA,Marshall,
Marshall,9 1-1,9,1.44,MARSHALLTOWN 1-1,Marshall,
Mills,DR,1,0.155555556,Deer Creek/White Cloud,Mills,
Mills,EM,2,0.311111111,Emerson/Hastings/Indian Creek,Mills,
Mills,GW1,5,0.777777778,Glenwood Ward 1,Mills,
Mills,GW2,5,0.777777778,Glenwood Ward 2,Mills,
Mills,GW3,7,1.088888889,Glenwood Ward 3,Mills,
Mills,GWR,4,0.622222222,Glenwood Township,Mills,
Mills,HN,1,0.155555556,Henderson/Anderson,Mills,
Mills,MV,8,1.244444444,Malvern/Tabor/Center Twp/Rawles Twp/Silver Creek,Mills,
Mills,OK,8,1.244444444,Oak/St. Mary,Mills,
Mills,PJ,3,0.466666667,Pacific Junction/Lyons/Platville,Mills,
Mills,SV,1,0.155555556,Silver City/Ingraham,Mills,
Mitchell,5,4,0.3,Mitchell 5,Mitchell,
Mitchell,6,8,0.6,Mitchell 6,Mitchell,
Mitchell,7,9,0.675,Mitchell 7,Mitchell,
Mitchell,8,7,0.525,Mitchell 8,Mitchell,
Mitchell,9,12,0.9,Mitchell 9,Mitchell,
Mitchell,10,5,0.375,Mitchell 10,Mitchell,
Mitchell,11,3,0.225,Mitchell 11,Mitchell,
Mitchell,12,2,0.15,Mitchell 12,Mitchell,
Mitchell,OS1,8,0.6,OSAGE 01 (Mitchell 5),Mitchell,
Mitchell,OS2,6,0.45,OSAGE 02 (Mitchell 6),Mitchell,
Mitchell,OS3,7,0.525,OSAGE 03 (Mitchell 7),Mitchell,
Mitchell,OS4,9,0.675,OSAGE 04 (Mitchell 8),Mitchell,
Monona,AS001,8,0.4,ASHTON BELVIDERE KENNEBEC LINCOLN FRANKLIN TURIN,Monona,
Monona,CN002,4,0.2,CASTANA CENTER JORDAN,Monona,
Monona,CP003,15,0.75,COOPER MAPLE MAPLETON,Monona,
Monona,FV004,11,0.55,FAIRVIEW GRANT LAKE RODNEY WEST FORK WHITING,Monona,
Monona,MH005,7,0.35,MOORHEAD SOLDIER SOLDIER CITY SPRING VALLEY WILLOW,Monona,
Monona,ON106,6,0.3,ONAWA Ward 1,Monona,
Monona,ON207,7,0.35,ONAWA Ward 2- NE Franklin,Monona,
Monona,ON308,7,0.35,ONAWA Ward 3,Monona,
Monona,ON409,5,0.25,ONAWA Ward 4,Monona,
Monona,SH010,6,0.3,SHERMAN SE FRANKLIN BLENCOE SIOUX,Monona,
Monona,STC11,4,0.2,ST CLAIR UTE,Monona,
Monroe,AL1,10,0.461538462,No. 1-Albia First Ward,Monroe,
Monroe,AL2,6,0.276923077,No. 2-Albia Second Ward,Monroe,
Monroe,AL3,8,0.369230769,No. 3-Albia Third Ward,Monroe,
Monroe,AL4,9,0.415384615,No. 4-Albia Fourth Ward,Monroe,
Monroe,CTHSE,17,0.784615385,CTHSE - Monroe Precinct 5,Monroe,
Monroe,LOVILIA,9,0.415384615,LOVILIA - Monroe Precinct 6,Monroe,
Monroe,MELROSE,6,0.276923077,MELROSE - Monroe Precinct 7,Monroe,
Montgomery,1,10,0.8,WARD1 PILOT GROVE FRANKFORT RO TWP,Montgomery,
Montgomery,2,10,0.8,WARD2 SHERMAN RO TWP,Montgomery,
Montgomery,3,12,0.96,WARD3 SHERMAN PILOT GROVE FRANKFORT RO TWP,Montgomery,
Montgomery,4,3,0.24,4 GRFLD LNCLN SHER PILOT GROVE TWP ELLIOTT,Montgomery,
Montgomery,5,3,0.24,5 PILOT GROVE FRANKFORT DOUGLAS WASH TWP GRANT,Montgomery,
Montgomery,6,5,0.4,6 WEST GRANT SCOTT TWP COBURG STANTON,Montgomery,
Montgomery,7,7,0.56,7 SCOTT EAST TWP VILLISCA,Montgomery,
Muscatine,76CE,3,0.5,Seventy-Six/Cedar-Seventy,Muscatine,
Muscatine,BL,9,1.5,Bloomington,Muscatine,
Muscatine,F1,4,0.666666667,Fruitland One-City,Muscatine,
Muscatine,F2LA,3,0.5,Fruitland Two/Lake-Fruitl,Muscatine,
Muscatine,FUMO,5,0.833333333,Fulton/Montpelier-City,Muscatine,
Muscatine,GO,2,0.333333333,Goshen-City,Muscatine,
Muscatine,MU01,11,1.833333333,Muscatine 01st,Muscatine,
Muscatine,MU02,8,1.333333333,Muscatine 02nd,Muscatine,
Muscatine,MU03,8,1.333333333,Muscatine 03rd,Muscatine,
Muscatine,MU04,7,1.166666667,Muscatine 04th,Muscatine,
Muscatine,MU05,7,1.166666667,Muscatine 05th,Muscatine,
Muscatine,MU06,11,1.833333333,Muscatine 06th,Muscatine,
Muscatine,MU07,7,1.166666667,Muscatine 07th,Muscatine,
Muscatine,MU08,6,1,Muscatine 08th,Muscatine,
Muscatine,MU09,9,1.5,Muscatine 09th,Muscatine,
Muscatine,MU10,9,1.5,Muscatine 10th,Muscatine,
Muscatine,OR,1,0.166666667,Orono-City,Muscatine,
Muscatine,PI,2,0.333333333,Pike-City,Muscatine,
Muscatine,SW,6,1,Sweetland,Muscatine,
Muscatine,WC,10,1.666666667,Wilton City,Muscatine,
Muscatine,WL2,7,1.166666667,West Liberty 2,Muscatine,
Muscatine,WLWA,12,2,West Liberty/Wapsie-WL1 C,Muscatine,
Muscatine,WTMW,3,0.5,Wilton/Moscow-Wilton,Muscatine,
O'Brien,P1,2,0.145454545,,O'Brien,Carroll-Floyd
O'Brien,P2,4,0.290909091,,O'Brien,Franklin
O'Brien,P3,11,0.8,,O'Brien,Hartley-Lincoln-Omega
O'Brien,P4,7,0.509090909,,O'Brien,Sheldon 1st Ward
O'Brien,P5,5,0.363636364,,O'Brien,Sheldon 2nd Ward
O'Brien,P6,5,0.363636364,,O'Brien,Sheldon 3rd Ward
O'Brien,P7,8,0.581818182,,O'Brien,Summit-Center-Dale-Highland
O'Brien,P8,7,0.509090909,,O'Brien,Union-Baker-Caledonia
O'Brien,P9,6,0.436363636,,O'Brien,Waterman-Grant-Liberty
Osceola,AT,3,0.3,Ashton Precinct 0100,Osceola,
Osceola,HA,1,0.1,Harris Precinct 0200,Osceola,
Osceola,MC,2,0.2,May City Precint 0300,Osceola,
Osceola,MV,2,0.2,Melvin Precinct 0400,Osceola,
Osceola,OS1,4,0.4,Osceola 1 Precinct 0600,Osceola,
Osceola,OS2,7,0.7,Osceola 2 Precinct 0700,Osceola,
Osceola,OS3,8,0.8,Osceola 3 Precinct 0800,Osceola,
Osceola,OX,3,0.3,Ocheyedan Precinct 0500,Osceola,
Page,CL1,9,0.72,Clarinda Ward 1,Page,
Page,CL2,17,1.36,Clarinda Ward 2,Page,
Page,ER,10,0.8,Am-Bu-ER-Doug-Har-Neb-Nod-Val-Brad-CS-He-Sh-Yt,Page,
Page,GT,7,0.56,Cx-Gr-Linc-Mort-Tarkio-Wash-Blan-Coin-Nboro,Page,
Page,PC,5,0.4,"Pierce and Fremont Townships, Essex",Page,
Page,SD1,6,0.48,Shenandoah 1,Page,
Page,SD2,10,0.8,Shenandoah 2,Page,
Page,SD3,11,0.88,Shenandoah 3,Page,
Palo Alto,EM1,8,0.666666667,Emmetsburg Ward 1,Palo Alto,
Palo Alto,EM2,8,0.666666667,Emmetsburg Ward 2,Palo Alto,
Palo Alto,EM3,13,1.083333333,EM Ward 3/Ayrshire/pt. HL&amp;WL&amp;EM,Palo Alto,
Palo Alto,EM4,12,1,EM Ward 4/FV/FR/VN/pt. EM,Palo Alto,
Palo Alto,GR RV,11,0.916666667,GR/RV/LI/pt. HL&amp;WL,Palo Alto,
Palo Alto,WB,8,0.666666667,City of WB/EL/RL/BO/GO/NV,Palo Alto,
Plymouth,AK,3,0.675,Plymouth 01/Ak,Plymouth,
Plymouth,BV,2,0.45,Plymouth 04/Bv,Plymouth,
Plymouth,HT,4,0.9,Plymouth 09/Ht,Plymouth,
Plymouth,KL,3,0.675,Plymouth 10/Kl,Plymouth,
Plymouth,LM11,6,1.35,Plymouth 11/Le Mars 1,Plymouth,
Plymouth,LM12,6,1.35,Plymouth 12/Le Mars 2,Plymouth,
Plymouth,LM13,4,0.9,Plymouth 13/Le Mars 3,Plymouth,
Plymouth,MR,3,0.675,Plymouth 07/Mr,Plymouth,
Plymouth,MRHG,1,0.225,Plymouth 02/Mrhg,Plymouth,
Plymouth,PY,3,0.675,Plymouth 08/Py,Plymouth,
Plymouth,RM,3,0.675,Plymouth 05/Rm,Plymouth,
Plymouth,SB,1,0.225,Plymouth 03/Sb,Plymouth,
Plymouth,WF,1,0.225,Plymouth 06/Wf,Plymouth,
Pocahontas,BV,3,0.18,Bellville-Lizard-S Lake-S Lincoln,Pocahontas,
Pocahontas,CD,8,0.48,Cedar-Colfax-Dover,Pocahontas,
Pocahontas,DM,9,0.54,DSM-Cummins-Pow-N Garf-N Sherm-N Roose,Pocahontas,
Pocahontas,GT,2,0.12,Grant-S Marshall-S Sherman,Pocahontas,
Pocahontas,PH1,14,0.84,Pocahontas #1,Pocahontas,
Pocahontas,PH2,5,0.3,Pocahontas #2,Pocahontas,
Pocahontas,SW,9,0.54,Swan Lake-N Marshall,Pocahontas,
Polk,ALLEMAN,2,0.559600286,ALLEMAN-01,Polk,
Polk,ALLEN 1,1,0.279800143,ALLEN-01,Polk,
Polk,ALT 1,5,1.399000714,ALTOONA-01,Polk,
Polk,ALT 2,9,2.518201285,ALTOONA-02,Polk,
Polk,ALT 3,12,3.357601713,ALTOONA-03,Polk,
Polk,ALT 4,10,2.798001428,ALTOONA-04,Polk,
Polk,ALT 5,11,3.07780157,ALTOONA-05,Polk,
Polk,ANK 01,19,5.316202712,ANKENY-01,Polk,
Polk,ANK 02,10,2.798001428,ANKENY-02,Polk,
Polk,ANK 03,9,2.518201285,ANKENY-03,Polk,
Polk,ANK 04,9,2.518201285,ANKENY-04,Polk,
Polk,ANK 05,10,2.798001428,ANKENY-05,Polk,
Polk,ANK 06,10,2.798001428,ANKENY-06,Polk,
Polk,ANK 07,8,2.238401142,ANKENY-07,Polk,
Polk,ANK 08,10,2.798001428,ANKENY-08,Polk,
Polk,ANK 09,10,2.798001428,ANKENY-09,Polk,
Polk,ANK 10,8,2.238401142,ANKENY-10,Polk,
Polk,ANK 11,9,2.518201285,ANKENY-11,Polk,
Polk,ANK 12,17,4.756602427,ANKENY-12,Polk,
Polk,ANK 13,14,3.917201999,ANKENY-13,Polk,
Polk,ANK 14,10,2.798001428,ANKENY-14,Polk,
Polk,ANK 15,9,2.518201285,ANKENY-15,Polk,
Polk,BOND 1,6,1.678800857,BONDURANT-01,Polk,
Polk,BOND 2,7,1.958600999,BONDURANT-02,Polk,
Polk,CLAY 1,3,0.839400428,CLAY-01,Polk,
Polk,CLIVE 1,6,1.678800857,CLIVE-01,Polk,
Polk,CLIVE 2,9,2.518201285,CLIVE-02,Polk,
Polk,CLIVE 3,11,3.07780157,CLIVE-03,Polk,
Polk,CLIVE 4,10,2.798001428,CLIVE-04,Polk,
Polk,CROCK 1,6,1.678800857,CROCKER-01,Polk,
Polk,CROCK 2,4,1.119200571,CROCKER-02,Polk,
Polk,DEL 1,5,1.399000714,DELAWARE-01,Polk,
Polk,DEL 2,2,0.559600286,DELAWARE-02,Polk,
Polk,DM 001,4,1.119200571,DES MOINES-01,Polk,
Polk,DM 002,7,1.958600999,DES MOINES-02,Polk,
Polk,DM 003,9,2.518201285,DES MOINES-03,Polk,
Polk,DM 004,6,1.678800857,DES MOINES-04,Polk,
Polk,DM 005,4,1.119200571,DES MOINES-05,Polk,
Polk,DM 006,5,1.399000714,DES MOINES-06,Polk,
Polk,DM 007,9,2.518201285,DES MOINES-07,Polk,
Polk,DM 008,6,1.678800857,DES MOINES-08,Polk,
Polk,DM 009,9,2.518201285,DES MOINES-09,Polk,
Polk,DM 010,10,2.798001428,DES MOINES-10,Polk,
Polk,DM 011,11,3.07780157,DES MOINES-11,Polk,
Polk,DM 012,5,1.399000714,DES MOINES-12,Polk,
Polk,DM 013,6,1.678800857,DES MOINES-13,Polk,
Polk,DM 014,6,1.678800857,DES MOINES-14,Polk,
Polk,DM 015,16,4.476802284,DES MOINES-15,Polk,
Polk,DM 016,15,4.197002141,DES MOINES-16,Polk,
Polk,DM 017,6,1.678800857,DES MOINES-17,Polk,
Polk,DM 018,5,1.399000714,DES MOINES-18,Polk,
Polk,DM 019,4,1.119200571,DES MOINES-19,Polk,
Polk,DM 020,8,2.238401142,DES MOINES-20,Polk,
Polk,DM 021,9,2.518201285,DES MOINES-21,Polk,
Polk,DM 022,8,2.238401142,DES MOINES-22,Polk,
Polk,DM 023,7,1.958600999,DES MOINES-23,Polk,
Polk,DM 024,4,1.119200571,DES MOINES-24,Polk,
Polk,DM 025,6,1.678800857,DES MOINES-25,Polk,
Polk,DM 026,8,2.238401142,DES MOINES-26,Polk,
Polk,DM 027,5,1.399000714,DES MOINES-27,Polk,
Polk,DM 028,10,2.798001428,DES MOINES-28,Polk,
Polk,DM 029,7,1.958600999,DES MOINES-29,Polk,
Polk,DM 030,6,1.678800857,DES MOINES-30,Polk,
Polk,DM 031,7,1.958600999,DES MOINES-31,Polk,
Polk,DM 032,7,1.958600999,DES MOINES-32,Polk,
Polk,DM 033,6,1.678800857,DES MOINES-33,Polk,
Polk,DM 034,3,0.839400428,DES MOINES-34,Polk,
Polk,DM 035,4,1.119200571,DES MOINES-35,Polk,
Polk,DM 036,8,2.238401142,DES MOINES-36,Polk,
Polk,DM 037,7,1.958600999,DES MOINES-37,Polk,
Polk,DM 038,6,1.678800857,DES MOINES-38,Polk,
Polk,DM 039,15,4.197002141,DES MOINES-39,Polk,
Polk,DM 040,7,1.958600999,DES MOINES-40,Polk,
Polk,DM 041,17,4.756602427,DES MOINES-41,Polk,
Polk,DM 042,13,3.637401856,DES MOINES-42,Polk,
Polk,DM 043,11,3.07780157,DES MOINES-43,Polk,
Polk,DM 044,12,3.357601713,DES MOINES-44,Polk,
Polk,DM 045,6,1.678800857,DES MOINES-45,Polk,
Polk,DM 046,6,1.678800857,DES MOINES-46,Polk,
Polk,DM 047,8,2.238401142,DES MOINES-47,Polk,
Polk,DM 048,2,0.559600286,DES MOINES-48,Polk,
Polk,DM 049,3,0.839400428,DES MOINES-49,Polk,
Polk,DM 050,8,2.238401142,DES MOINES-50,Polk,
Polk,DM 051,5,1.399000714,DES MOINES-51,Polk,
Polk,DM 052,5,1.399000714,DES MOINES-52,Polk,
Polk,DM 053,4,1.119200571,DES MOINES-53,Polk,
Polk,DM 054,4,1.119200571,DES MOINES-54,Polk,
Polk,DM 055,14,3.917201999,DES MOINES-55,Polk,
Polk,DM 056,13,3.637401856,DES MOINES-56,Polk,
Polk,DM 057,8,2.238401142,DES MOINES-57,Polk,
Polk,DM 058,11,3.07780157,DES MOINES-58,Polk,
Polk,DM 059,11,3.07780157,DES MOINES-59,Polk,
Polk,DM 060,10,2.798001428,DES MOINES-60,Polk,
Polk,DM 061,10,2.798001428,DES MOINES-61,Polk,
Polk,DM 062,19,5.316202712,DES MOINES-62,Polk,
Polk,DM 063,11,3.07780157,DES MOINES-63,Polk,
Polk,DM 064,8,2.238401142,DES MOINES-64,Polk,
Polk,DM 065,11,3.07780157,DES MOINES-65,Polk,
Polk,DM 066,12,3.357601713,DES MOINES-66,Polk,
Polk,DM 067,2,0.559600286,DES MOINES-67,Polk,
Polk,DM 068,5,1.399000714,DES MOINES-68,Polk,
Polk,DM 069,8,2.238401142,DES MOINES-69,Polk,
Polk,DM 070,6,1.678800857,DES MOINES-70,Polk,
Polk,DM 071,10,2.798001428,DES MOINES-71,Polk,
Polk,DM 072,1,0.279800143,DES MOINES-72,Polk,
Polk,DM 073,9,2.518201285,DES MOINES-73,Polk,
Polk,DM 074,4,1.119200571,DES MOINES-74,Polk,
Polk,DM 075,7,1.958600999,DES MOINES-75,Polk,
Polk,DM 076,7,1.958600999,DES MOINES-76,Polk,
Polk,DM 077,6,1.678800857,DES MOINES-77,Polk,
Polk,DM 078,7,1.958600999,DES MOINES-78,Polk,
Polk,DM 079,8,2.238401142,DES MOINES-79,Polk,
Polk,DM 080,10,2.798001428,DES MOINES-80,Polk,
Polk,DM 081,7,1.958600999,DES MOINES-81,Polk,
Polk,DM 082,6,1.678800857,DES MOINES-82,Polk,
Polk,DM 083,8,2.238401142,DES MOINES-83,Polk,
Polk,DM 084,5,1.399000714,DES MOINES-84,Polk,
Polk,DOUGLAS,3,0.839400428,DOUGLAS-01,Polk,
Polk,ELKHART,4,1.119200571,ELKHART-01,Polk,
Polk,FOUR MI,6,1.678800857,FOUR MILE-01,Polk,
Polk,FRANKLI,4,1.119200571,FRANKLIN-01,Polk,
Polk,GRANGER,1,0.279800143,GRANGER-01,Polk,
Polk,GRIMES1,13,3.637401856,GRIMES-01,Polk,
Polk,GRIMES2,11,3.07780157,GRIMES-02,Polk,
Polk,GRIMES3,7,1.958600999,GRIMES-03,Polk,
Polk,JEFF 1,5,1.399000714,JEFFERSON-01,Polk,
Polk,JOHN 1,12,3.357601713,JOHNSTON-01,Polk,
Polk,JOHN 2,12,3.357601713,JOHNSTON-02,Polk,
Polk,JOHN 3,8,2.238401142,JOHNSTON-03,Polk,
Polk,JOHN 4,10,2.798001428,JOHNSTON-04,Polk,
Polk,JOHN 5,16,4.476802284,JOHNSTON-05,Polk,
Polk,JOHN 6,6,1.678800857,JOHNSTON-06,Polk,
Polk,MADISON,1,0.279800143,MADISON-01,Polk,
Polk,MITCHEL,6,1.678800857,MITCHELLVILLE-01,Polk,
Polk,PH 1,9,2.518201285,PLEASANT HILL-01,Polk,
Polk,PH 2,9,2.518201285,PLEASANT HILL-02,Polk,
Polk,PH 3,9,2.518201285,PLEASANT HILL-03,Polk,
Polk,POLK CI,11,3.07780157,POLK CITY-01,Polk,
Polk,RUNNELL,5,1.399000714,RUNNELLS-01,Polk,
Polk,SAYLOR1,8,2.238401142,SAYLOR-01,Polk,
Polk,SAYLOR2,6,1.678800857,SAYLOR-02,Polk,
Polk,SHELDAH,1,0.279800143,SHELDAHL-01,Polk,
Polk,URB 01,9,2.518201285,URBANDALE-01,Polk,
Polk,URB 02,11,3.07780157,URBANDALE-02,Polk,
Polk,URB 03,10,2.798001428,URBANDALE-03,Polk,
Polk,URB 04,9,2.518201285,URBANDALE-04,Polk,
Polk,URB 05,10,2.798001428,URBANDALE-05,Polk,
Polk,URB 06,11,3.07780157,URBANDALE-06,Polk,
Polk,URB 07,11,3.07780157,URBANDALE-07,Polk,
Polk,URB 08,10,2.798001428,URBANDALE-08,Polk,
Polk,URB 09,11,3.07780157,URBANDALE-09,Polk,
Polk,URB 10,10,2.798001428,URBANDALE-10,Polk,
Polk,URB 11,9,2.518201285,URBANDALE-11,Polk,
Polk,WASH 1,1,0.279800143,WASHINGTON-01,Polk,
Polk,WB 1,2,0.559600286,WEBSTER-01,Polk,
Polk,WDM-111,8,2.238401142,WDM-111,Polk,
Polk,WDM-112,5,1.399000714,WDM-112,Polk,
Polk,WDM-113,8,2.238401142,WDM-113,Polk,
Polk,WDM-114,12,3.357601713,WDM-114,Polk,
Polk,WDM-115,7,1.958600999,WDM-115,Polk,
Polk,WDM-116,9,2.518201285,WDM-116,Polk,
Polk,WDM-117,9,2.518201285,WDM-117,Polk,
Polk,WDM-118,9,2.518201285,WDM-118,Polk,
Polk,WDM-211,7,1.958600999,WDM-211,Polk,
Polk,WDM-212,11,3.07780157,WDM-212,Polk,
Polk,WDM-213,6,1.678800857,WDM-213,Polk,
Polk,WDM-311,10,2.798001428,WDM-311,Polk,
Polk,WDM-312,10,2.798001428,WDM-312,Polk,
Polk,WDM-313,4,1.119200571,WDM-313,Polk,
Polk,WDM-314,6,1.678800857,WDM-314,Polk,
Polk,WDM-315,8,2.238401142,WDM-315,Polk,
Polk,WDM-316,11,3.07780157,WDM-316,Polk,
Polk,WDM-317,9,2.518201285,WDM-317,Polk,
Polk,WDM-318,3,0.839400428,WDM-318,Polk,
Polk,WHTS 1,6,1.678800857,WINDSOR HEIGHTS-01,Polk,
Polk,WHTS 2,7,1.958600999,WINDSOR HEIGHTS-02,Polk,
Polk,WHTS 3,9,2.518201285,WINDSOR HEIGHTS-03,Polk,
Pottawattamie,AVOCA,8,0.96,Avoca,Pottawattamie,
Pottawattamie,CARSON,3,0.36,Carson,Pottawattamie,
Pottawattamie,CB 01,9,1.08,Council Bluff 01,Pottawattamie,
Pottawattamie,CB 02,12,1.44,Council Bluff 02,Pottawattamie,
Pottawattamie,CB 03,10,1.2,Council Bluff 03,Pottawattamie,
Pottawattamie,CB 04,10,1.2,Council Bluff 04,Pottawattamie,
Pottawattamie,CB 05,10,1.2,Council Bluff 05,Pottawattamie,
Pottawattamie,CB 06,15,1.8,Council Bluff 06,Pottawattamie,
Pottawattamie,CB 07,15,1.8,Council Bluff 07,Pottawattamie,
Pottawattamie,CB 08,18,2.16,Council Bluff 08,Pottawattamie,
Pottawattamie,CB 09,13,1.56,Council Bluff 09,Pottawattamie,
Pottawattamie,CB 10A,20,2.4,Council Bluff 10A,Pottawattamie,
Pottawattamie,CB 10B,15,1.8,Council Bluff 10B,Pottawattamie,
Pottawattamie,CB 11,17,2.04,Council Bluff 11,Pottawattamie,
Pottawattamie,CB 12,14,1.68,Council Bluff 12,Pottawattamie,
Pottawattamie,CB 13,10,1.2,Council Bluff 13,Pottawattamie,
Pottawattamie,CB 14,10,1.2,Council Bluff 14,Pottawattamie,
Pottawattamie,CB 15,11,1.32,Council Bluff 15,Pottawattamie,
Pottawattamie,CB 16,11,1.32,Council Bluff 16,Pottawattamie,
Pottawattamie,CB 17,15,1.8,Council Bluff 17,Pottawattamie,
Pottawattamie,CB 18,12,1.44,Council Bluff 18,Pottawattamie,
Pottawattamie,CB 19,9,1.08,Council Bluff 19,Pottawattamie,
Pottawattamie,CB 20,9,1.08,Council Bluff 20,Pottawattamie,
Pottawattamie,CB 21,8,0.96,Council Bluff 21,Pottawattamie,
Pottawattamie,CL 1,7,0.84,Carter Lake 1,Pottawattamie,
Pottawattamie,CL 2,7,0.84,Carter Lake 2,Pottawattamie,
Pottawattamie,CRESC,13,1.56,Crescent,Pottawattamie,
Pottawattamie,GARNER,14,1.68,Garner,Pottawattamie,
Pottawattamie,GLWCW,3,0.36,GLWCW,Pottawattamie,
Pottawattamie,HANCOCK,2,0.24,Hancock,Pottawattamie,
Pottawattamie,LEWIS 1,11,1.32,Lewis 1,Pottawattamie,
Pottawattamie,LEWIS 2,11,1.32,Lewis 2,Pottawattamie,
Pottawattamie,MACEDON,1,0.12,Macedonia,Pottawattamie,
Pottawattamie,MCCLELL,3,0.36,McClelland,Pottawattamie,
Pottawattamie,MINDEN,5,0.6,Minden,Pottawattamie,
Pottawattamie,NEOLA,8,0.96,Neola,Pottawattamie,
Pottawattamie,OAKLAND,8,0.96,Oakland,Pottawattamie,
Pottawattamie,TREYNOR,6,0.72,Treynor,Pottawattamie,
Pottawattamie,UNDERW,13,1.56,Underwood,Pottawattamie,
Pottawattamie,WALNUT,4,0.48,Walnut,Pottawattamie,
Poweshiek,2,11,1.54,,Poweshiek,1ST WARD - 06.06GR
Poweshiek,3,2,0.28,,Poweshiek,2ND WARD - 07.07GR
Poweshiek,4,3,0.42,,Poweshiek,3RD WARD - 08.08GR
Poweshiek,5,6,0.84,,Poweshiek,4TH WARD - 09.09GR
Poweshiek,6,24,3.36,,Poweshiek,BMWJ
Poweshiek,7,17,2.38,,Poweshiek,CGWS
Poweshiek,8,12,1.68,,Poweshiek,DRL
Poweshiek,9,16,2.24,,Poweshiek,JUPS
Poweshiek,10,5,0.7,,Poweshiek,MONTEZUMA - 11.11MO
Poweshiek,11,4,0.56,,Poweshiek,MS
Ringgold,AT,9,0.3375,Athens,Ringgold,
Ringgold,CL,6,0.225,Clinton,Ringgold,
Ringgold,M1,22,0.825,Mount Ayr 1,Ringgold,
Ringgold,M2,21,0.7875,Mount Ayr 2,Ringgold,
Ringgold,TG,3,0.1125,Tingley,Ringgold,
Ringgold,UN,9,0.3375,Union,Ringgold,
Ringgold,WS,10,0.375,Washington,Ringgold,
Sac,1,7,0.466666667,,Sac,Auburn
Sac,2,2,0.133333333,,Sac,Early
Sac,3,5,0.333333333,,Sac,Lake View
Sac,4,18,1.2,,Sac,Lytton
Sac,5,3,0.2,,Sac,Nemaha
Sac,6,6,0.4,,Sac,Odebolt
Sac,7,11,0.733333333,,Sac,Sac City
Sac,8,3,0.2,,Sac,Schaller
Sac,9,5,0.333333333,,Sac,Wall Lake
Scott,AG,1,0.413333333,(AG) Allen's Grove Township,Scott,
Scott,B11,7,2.893333333,(B11) City of Bettendorf,Scott,
Scott,B12,6,2.48,(B12) City of Bettendorf,Scott,
Scott,B21,4,1.653333333,(B21) City of Bettendorf,Scott,
Scott,B22,6,2.48,(B22) City of Bettendorf,Scott,
Scott,B23,1,0.413333333,(B23) City of Bettendorf,Scott,
Scott,B31,6,2.48,(B31) City of Bettendorf,Scott,
Scott,B32,6,2.48,(B32) City of Bettendorf,Scott,
Scott,B41,7,2.893333333,(B41) City of Bettendorf,Scott,
Scott,B42,7,2.893333333,(B42) City of Bettendorf,Scott,
Scott,B51,7,2.893333333,(B51) City of Bettendorf,Scott,
Scott,B52,10,4.133333333,(B52) City of Bettendorf,Scott,
Scott,BF,1,0.413333333,(BF) City of Buffalo,Scott,
Scott,BG,4,1.653333333,(BG) Blue Grass Township,Scott,
Scott,BU,5,2.066666667,(BU) Buffalo Township,Scott,
Scott,D11,5,2.066666667,(D11) City of Davenport,Scott,
Scott,D12,6,2.48,(D12) City of Davenport,Scott,
Scott,D13,6,2.48,(D13) City of Davenport,Scott,
Scott,D14,5,2.066666667,(D14) City of Davenport,Scott,
Scott,D21,6,2.48,(D21) City of Davenport,Scott,
Scott,D22,4,1.653333333,(D22) City of Davenport,Scott,
Scott,D23,4,1.653333333,(D23) City of Davenport,Scott,
Scott,D24,6,2.48,(D24) City of Davenport,Scott,
Scott,D31,5,2.066666667,(D31) City of Davenport,Scott,
Scott,D32,4,1.653333333,(D32) City of Davenport,Scott,
Scott,D33,4,1.653333333,(D33) City of Davenport,Scott,
Scott,D34,5,2.066666667,(D34) City of Davenport,Scott,
Scott,D41,7,2.893333333,(D41) City of Davenport,Scott,
Scott,D42,5,2.066666667,(D42) City of Davenport,Scott,
Scott,D43,5,2.066666667,(D43) City of Davenport,Scott,
Scott,D44,5,2.066666667,(D44) City of Davenport,Scott,
Scott,D51,7,2.893333333,(D51) City of Davenport,Scott,
Scott,D52,6,2.48,(D52) City of Davenport,Scott,
Scott,D53,6,2.48,(D53) City of Davenport,Scott,
Scott,D54,5,2.066666667,(D54) City of Davenport,Scott,
Scott,D61,6,2.48,(D61) City of Davenport,Scott,
Scott,D62,6,2.48,(D62) City of Davenport,Scott,
Scott,D63,7,2.893333333,(D63) City of Davenport,Scott,
Scott,D64,9,3.72,(D64) City of Davenport,Scott,
Scott,D71,7,2.893333333,(D71) City of Davenport,Scott,
Scott,D72,7,2.893333333,(D72) City of Davenport,Scott,
Scott,D73,6,2.48,(D73) City of Davenport,Scott,
Scott,D74,4,1.653333333,(D74) City of Davenport,Scott,
Scott,D81,5,2.066666667,(D81) City of Davenport,Scott,
Scott,D82,7,2.893333333,(D82) City of Davenport,Scott,
Scott,D83,7,2.893333333,(D83) City of Davenport,Scott,
Scott,D84,5,2.066666667,(D84) City of Davenport,Scott,
Scott,DH,1,0.413333333,(DH) City of Donahue,Scott,
Scott,EL1,6,2.48,(EL1) City of Eldridge,Scott,
Scott,EL2,5,2.066666667,(EL2) City of Eldridge,Scott,
Scott,HG,1,0.413333333,(HG) Hickory Grove Township,Scott,
Scott,LB,1,0.413333333,(LB) Liberty Township,Scott,
Scott,LC1,4,1.653333333,(LC1) City of LeClaire,Scott,
Scott,LC2,4,1.653333333,(LC2) City of LeClaire,Scott,
Scott,LCT,2,0.826666667,(LCT) LeClaire Township,Scott,
Scott,LG,2,0.826666667,(LG) City of Long Grove,Scott,
Scott,MC,1,0.413333333,(MC) McCausland,Scott,
Scott,PKV,4,1.653333333,(PKV) Park View,Scott,
Scott,PR,2,0.826666667,(PR) Princeton Township,Scott,
Scott,PV,2,0.826666667,(PV) Pleasant Valley,Scott,
Scott,RV,1,0.413333333,(RV) City of Riverdale,Scott,
Scott,WC,3,1.24,(WC) Walcott Precinct,Scott,
Scott,WF,1,0.413333333,(WF) Winfield Township,Scott,
Shelby,2,13,0.65,,Shelby,Cass-Center-Jackson-Lincoln
Shelby,3,10,0.5,,Shelby,Clay-Monroe
Shelby,4,7,0.35,,Shelby,Douglas-Greeley-Jefferson-Polk
Shelby,5,10,0.5,,Shelby,Fairview-Shelby
Shelby,6,15,0.75,,Shelby,Grove-Union-Washington-Westphalia
Shelby,7,10,0.5,,Shelby,Harlan 1
Shelby,8,12,0.6,,Shelby,Harlan 2
Shelby,9,13,0.65,,Shelby,Harlan 3
Shelby,10,10,0.5,,Shelby,Harlan 4
Sioux,AT,7,0.6125,Alton/Nassau/East Orange,Sioux,
Sioux,FL,3,0.2625,Floyd/Lynn,Sioux,
Sioux,GT,3,0.2625,Grant/Sheridan,Sioux,
Sioux,HW,12,1.05,HW/BC/LG/WA/EG S,Sioux,
Sioux,LN,4,0.35,Lincoln,Sioux,
Sioux,OC1,10,0.875,OC 1/Holland West,Sioux,
Sioux,OC2,11,0.9625,OC2/Holland E/NS 4-9,Sioux,
Sioux,PL,2,0.175,PL/GF/ST/SX/EG N,Sioux,
Sioux,RD,2,0.175,Reading/Center South,Sioux,
Sioux,RVE,4,0.35,Rock Valley East,Sioux,
Sioux,RVW,3,0.2625,Rock Valley West/Rock,Sioux,
Sioux,SCC,7,0.6125,Sioux Center Central,Sioux,
Sioux,SCN,4,0.35,SCN/Capel/Welcome,Sioux,
Sioux,SCS,6,0.525,Sioux Center South,Sioux,
Sioux,SM,1,0.0875,Sherman,Sioux,
Sioux,WB,1,0.0875,West Branch/Center North,Sioux,
Story,1,6,2.49,,Story,Ames 1-1
Story,2,8,3.32,,Story,Ames 1-2
Story,3,6,2.49,,Story,Ames 1-3 - Grant Twp 2
Story,4,8,3.32,,Story,Ames 1-4
Story,5,9,3.735,,Story,Ames 1-5
Story,6,10,4.15,,Story,Ames 2-1
Story,7,7,2.905,,Story,Ames 2-2
Story,8,8,3.32,,Story,Ames 2-3
Story,9,9,3.735,,Story,Ames 2-4
Story,10,9,3.735,,Story,Ames 2-5
Story,11,9,3.735,,Story,Ames 3-1
Story,12,5,2.075,,Story,Ames 3-2
Story,13,5,2.075,,Story,Ames 3-3
Story,14,8,3.32,,Story,Ames 3-4
Story,15,8,3.32,,Story,Ames 3-5
Story,16,6,2.49,,Story,Ames 4-1
Story,17,4,1.66,,Story,Ames 4-2
Story,18,5,2.075,,Story,Ames 4-3
Story,19,7,2.905,,Story,Ames 4-4
Story,20,8,3.32,,Story,Ames 4-5
Story,21,1,0.415,,Story,Collins Twp-Collins
Story,22,7,2.905,,Story,Franklin Twp-Gilbert
Story,23,1,0.415,,Story,Grant Township
Story,24,3,1.245,,Story,Howard Twp-Roland
Story,25,6,2.49,,Story,Huxley
Story,26,2,0.83,,Story,Indian Creek Twp-Maxwell
Story,27,1,0.415,,Story,Lafayette Township
Story,28,1,0.415,,Story,Lincoln Twp-Zearing
Story,29,1,0.415,,Story,Milford Township
Story,30,3,1.245,,Story,Nevada 1
Story,31,3,1.245,,Story,Nevada 2
Story,32,3,1.245,,Story,Nevada 3-Grant Twp 3
Story,33,3,1.245,,Story,Nevada 4
Story,34,1,0.415,,Story,Nevada Township
Story,35,2,0.83,,Story,New Albany Twp-Colo
Story,36,1,0.415,,Story,Palestine Township
Story,37,1,0.415,,Story,Richland Township
Story,38,1,0.415,,Story,Sherman Township
Story,39,3,1.245,,Story,Slater-Sheldahl-Pal 2
Story,40,6,2.49,,Story,Story City
Story,41,2,0.83,,Story,Union Twp-Cambridge
Story,42,1,0.415,,Story,Warren Twp-McCallsburg
Story,43,2,0.83,,Story,Washington Twp-Kelley
Tama,CB/TM,16,2.070588235,COLUMBIA/TAMA,Tama,
Tama,CK/GE,9,1.164705882,CLARK/GENESEO,Tama,
Tama,CRONNOC,3,0.388235294,CARROLL/ONEIDA/N OTTER CR,Tama,
Tama,CT,4,0.517647059,CARLTON,Tama,
Tama,GR,1,0.129411765,GRANT,Tama,
Tama,H/TL,5,0.647058824,HOWARD/TOLEDO,Tama,
Tama,HL/IV/T,4,0.517647059,HIGHLAND/INDIAN VILLAGE,Tama,
Tama,IS,9,1.164705882,INDIAN SETTLEMENT,Tama,
Tama,LI,1,0.129411765,LINCOLN,Tama,
Tama,PY/CY/B,10,1.294117647,PERRY/BUCKINGHAM/E CRYSTA,Tama,
Tama,RL/ST,3,0.388235294,RICHLAND/SALT CREEK,Tama,
Tama,SOC,1,0.129411765,S. OTTER CREEK,Tama,
Tama,SP/WC,6,0.776470588,SPRING CREEK/W CRYSTAL,Tama,
Tama,TLCITY,11,1.423529412,TOLEDO CITY,Tama,
Tama,YK,2,0.258823529,YORK,Tama,
Taylor,3TWNSHP,3,0.3,7-3 Legion,Taylor,
Taylor,BECITY,6,0.6,6-3 City of Bedford,Taylor,
Taylor,BK,2,0.2,1-1 Blockton,Taylor,
Taylor,CF,2,0.2,2-1 Clearfield,Taylor,
Taylor,GRAVITY,2,0.2,3-1 Gravity,Taylor,
Taylor,LX,11,1.1,5-2 Lenox,Taylor,
Taylor,NM,4,0.4,4-1 New Market,Taylor,
Union,AF,9,0.675,Afton,Union,
Union,AR,2,0.15,Arispe,Union,
Union,CS1,10,0.75,Creston 1,Union,
Union,CS2,18,1.35,Creston 2 - SWCC,Union,
Union,CS3,13,0.975,Creston 3,Union,
Union,CS4,11,0.825,Creston 4 - Supertel,Union,
Union,CS5,13,0.975,Creston 5,Union,
Union,LR,4,0.3,Lorimor,Union,
Van Buren,BI,4,0.4,Birmingham,Van Buren,
Van Buren,BO,4,0.4,Bonaparte,Van Buren,
Van Buren,CN,2,0.2,Cantril,Van Buren,
Van Buren,DO,3,0.3,Douds,Van Buren,
Van Buren,FM,4,0.4,Farmington,Van Buren,
Van Buren,KE,10,1,Keosauqua,Van Buren,
Van Buren,ML,2,0.2,Milton,Van Buren,
Van Buren,SP,1,0.1,Stockport,Van Buren,
Wapello,AD,6,0.54,Adams/Blakesburg/Polk,Wapello,
Wapello,AG,8,0.72,Agency/Agency/Pleasant,Wapello,
Wapello,CB,5,0.45,Columbia/Eddyville,Wapello,
Wapello,CN,8,0.72,Center Twp,Wapello,
Wapello,CP,1,0.09,Competine Twp,Wapello,
Wapello,CS,1,0.09,Cass/Chillicothe,Wapello,
Wapello,DA,3,0.27,Dahlonega Twp,Wapello,
Wapello,GR,4,0.36,Green Twp,Wapello,
Wapello,HI,1,0.09,Highland Twp,Wapello,
Wapello,KE,4,0.36,Keokuk Twp,Wapello,
Wapello,OT01,14,1.26,Ottumwa Pct 01,Wapello,
Wapello,OT02,20,1.8,Ottumwa Pct 02,Wapello,
Wapello,OT03,22,1.98,Ottumwa Pct 03,Wapello,
Wapello,OT04,11,0.99,Ottumwa Pct 04,Wapello,
Wapello,OT05,12,1.08,Ottumwa Pct 05,Wapello,
Wapello,OT06,12,1.08,Ottumwa Pct 06,Wapello,
Wapello,OT07,12,1.08,Ottumwa Pct 07,Wapello,
Wapello,OT08,13,1.17,Ottumwa Pct 08,Wapello,
Wapello,OT09,19,1.71,Ottumwa Pct 09,Wapello,
Wapello,OT10,15,1.35,Ottumwa Pct 10,Wapello,
Wapello,RL,3,0.27,Richland/Kirkville,Wapello,
Wapello,WA,6,0.54,Washington/Eldon,Wapello,
Warren,AL2,6,1.4,ALLEN 2,Warren,
Warren,AL3,8,1.866666667,ALLEN 3,Warren,
Warren,BM,1,0.233333333,BELMONT TWP,Warren,
Warren,CM WDM,2,0.466666667,CUMMING/ WDM,Warren,
Warren,GR1,5,1.166666667,GREENFIELD 1 TWP,Warren,
Warren,GR1DM85,6,1.4,GREENFIELD 1/ DM85,Warren,
Warren,GR1DM86,1,0.233333333,GR1-DM86 CITY,Warren,
Warren,GR2LC2,7,1.633333333,GREENFIELD 2/ LINCOLN 2,Warren,
Warren,IN1,5,1.166666667,INDIANOLA 1,Warren,
Warren,IN2,9,2.1,INDIANOLA 2,Warren,
Warren,IN3,5,1.166666667,INDIANOLA 3,Warren,
Warren,IN4,11,2.566666667,INDIANOLA 4,Warren,
Warren,IN5,6,1.4,INDIANOLA 5,Warren,
Warren,IN6,5,1.166666667,INDIANOLA 6,Warren,
Warren,IN7,9,2.1,INDIANOLA 7,Warren,
Warren,JF,4,0.933333333,JEFFERSON,Warren,
Warren,JK,3,0.7,JACKSON,Warren,
Warren,LB,1,0.233333333,LIBERTY TWP,Warren,
Warren,LC1,2,0.466666667,LINCOLN TWP,Warren,
Warren,NW1,8,1.866666667,NORWALK 1,Warren,
Warren,NW2 GR1,7,1.633333333,NORWALK 2/ GREENFIELD,Warren,
Warren,NW3 LN,12,2.8,NORWALK 3/ LINN,Warren,
Warren,NWK4,10,2.333333333,NORWALK 4 CITY,Warren,
Warren,OT ML,4,0.933333333,OTTER/ MILO,Warren,
Warren,PM,1,0.233333333,PALMYRA TWP,Warren,
Warren,RL,3,0.7,RICHLAND/ PALMYRA,Warren,
Warren,SQC,2,0.466666667,SQUAW CREEK TWP,Warren,
Warren,UN,1,0.233333333,UNION,Warren,
Warren,VA,2,0.466666667,VIRGINIA,Warren,
Warren,WB,1,0.233333333,WHITE BREAST,Warren,
Warren,WHO,3,0.7,WHITE OAK TWP,Warren,
Washington,AW,8,1.485714286,Ainsworth,Washington,
Washington,BMC,5,0.928571429,Brighton/Marion/Crawford,Washington,
Washington,KA,9,1.671428571,Kalona,Washington,
Washington,RS,7,1.3,Riverside,Washington,
Washington,WC,3,0.557142857,West Chester,Washington,
Washington,WL,9,1.671428571,Wellman,Washington,
Washington,WS1,6,1.114285714,Washington Ward 1,Washington,
Washington,WS2,7,1.3,Washington Ward 2,Washington,
Washington,WS3,8,1.485714286,Washington Ward 3,Washington,
Washington,WS4,8,1.485714286,Washington Ward 4,Washington,
Wayne,A01,8,0.6,A-01 Allerton-Clio-Lineville,Wayne,
Wayne,C02,13,0.975,C-02 Corydon,Wayne,
Wayne,H03,10,0.75,H-03 Humeston-Millerton,Wayne,
Wayne,S04,9,0.675,S-04 Seymour-Promise City,Wayne,
Webster,1,19,1.583333333,Fort Dodge 01,Webster,
Webster,2,16,1.333333333,Fort Dodge 02,Webster,
Webster,3,13,1.083333333,Fort Dodge 03,Webster,
Webster,4,14,1.166666667,Fort Dodge 04,Webster,
Webster,5,9,0.75,Fort Dodge 05,Webster,
Webster,6,6,0.5,Fort Dodge 06,Webster,
Webster,7,14,1.166666667,Fort Dodge 07,Webster,
Webster,8,13,1.083333333,Fort Dodge 08,Webster,
Webster,9,13,1.083333333,Fort Dodge 09,Webster,
Webster,10,15,1.25,Fort Dodge 10,Webster,
Webster,11,18,1.5,Fort Dodge 11,Webster,
Webster,12,14,1.166666667,Fort Dodge 12,Webster,
Webster,BD/NWC,9,0.75,Badger-NW Cooper,Webster,
Webster,CD,4,0.333333333,Colfax-Duncombe,Webster,
Webster,CP,2,0.166666667,Cooper,Webster,
Webster,CR,3,0.25,Clay-Roland,Webster,
Webster,DA/BU,9,0.75,Dayton-Burnside,Webster,
Webster,DJ,4,0.333333333,Deer Creek-Jackson,Webster,
Webster,DO,8,0.666666667,Douglas,Webster,
Webster,EL,5,0.416666667,Elkhorn,Webster,
Webster,FU,2,0.166666667,Fulton,Webster,
Webster,GO,7,0.583333333,Gowrie,Webster,
Webster,JO,3,0.25,Johnson,Webster,
Webster,LG,2,0.166666667,Lost Grove,Webster,
Webster,NE,2,0.166666667,Newark,Webster,
Webster,OT/PV,9,0.75,Otho-Pleasant Valley,Webster,
Webster,SWYH,5,0.416666667,Sumner-Webster-Yell-Hardi,Webster,
Webster,WA,2,0.166666667,Washington,Webster,
Winnebago,BUGRLC,5,0.75,Buffalo Grant Lincoln,Winnebago,
Winnebago,CENTER,10,1.5,Center,Winnebago,
Winnebago,EDLONO,2,0.3,Eden Logan Norway,Winnebago,
Winnebago,FC 1,5,0.75,Forest City Ward 1,Winnebago,
Winnebago,FC 2,4,0.6,Forest City Ward 2,Winnebago,
Winnebago,FC 4,3,0.45,Forest City Ward 3,Winnebago,
Winnebago,FC3D3,4,0.6,Forest City Ward 4,Winnebago,
Winnebago,KILI,2,0.3,King Linden,Winnebago,
Winnebago,MVFOD2,2,0.3,Mt. Valley,Winnebago,
Winnebago,NEFOD1,3,0.45,Newton Forest,Winnebago,
Winneshiek,1,7,0.896,PCT 01 - HE/HI/PL,Winneshiek,
Winneshiek,2,22,2.816,PCT 02 - FR/GL/DEW3/ DETSUP1,Winneshiek,
Winneshiek,3,18,2.304,PCT 03 - DEW1/DETSUP2,Winneshiek,
Winneshiek,4,16,2.048,PCT 04 - DEW2 (Decorah Ward 2),Winneshiek,
Winneshiek,5,17,2.176,PCT 05 - CN/DEW4/ DETSUP3,Winneshiek,
Winneshiek,6,13,1.664,PCT 06 - DEW5 (Decorah Ward 5),Winneshiek,
Winneshiek,7,10,1.28,PCT 07 - CA/SP,Winneshiek,
Winneshiek,8,6,0.768,PCT 08 - MI/BLM,Winneshiek,
Winneshiek,9,9,1.152,PCT 09 - BLF/BO/FR/LI/MA/ OR,Winneshiek,
Winneshiek,10,6,0.768,PCT 10 - JA/SU/WA,Winneshiek,
Winneshiek,11,1,0.128,PCT 11- DESUP5 (Decorah Twp Sup 5),Winneshiek,
Woodbury,1,8,1.7,Sioux City 01,Woodbury,
Woodbury,2,8,1.7,Sioux City 02,Woodbury,
Woodbury,3,8,1.7,Sioux City 03,Woodbury,
Woodbury,4,5,1.0625,Sioux City 04,Woodbury,
Woodbury,5,8,1.7,Sioux City 05,Woodbury,
Woodbury,6,9,1.9125,Sioux City 06,Woodbury,
Woodbury,7,8,1.7,Sioux City 07,Woodbury,
Woodbury,8,5,1.0625,Sioux City 08,Woodbury,
Woodbury,9,3,0.6375,Sioux City 09,Woodbury,
Woodbury,10,8,1.7,Sioux City 10,Woodbury,
Woodbury,11,4,0.85,Sioux City 11,Woodbury,
Woodbury,12,9,1.9125,Sioux City 12,Woodbury,
Woodbury,13,4,0.85,Sioux City 13,Woodbury,
Woodbury,14,6,1.275,Sioux City 14,Woodbury,
Woodbury,15,7,1.4875,Sioux City 15,Woodbury,
Woodbury,16,7,1.4875,Sioux City 16,Woodbury,
Woodbury,17,9,1.9125,Sioux City 17,Woodbury,
Woodbury,18,8,1.7,Sioux City 18,Woodbury,
Woodbury,19,9,1.9125,Sioux City 19,Woodbury,
Woodbury,20,5,1.0625,Sioux City 20,Woodbury,
Woodbury,21,7,1.4875,Sioux City 21,Woodbury,
Woodbury,22,8,1.7,Sioux City 23,Woodbury,
Woodbury,23,7,1.4875,Woodbury 22,Woodbury,
Woodbury,24,7,1.4875,Woodbury 24,Woodbury,
Woodbury,25,7,1.4875,Woodbury 25,Woodbury,
Woodbury,26,8,1.7,Woodbury 26,Woodbury,
Woodbury,27,8,1.7,Woodbury 27,Woodbury,
Woodbury,28,13,2.7625,Woodbury 28,Woodbury,
Woodbury,29,7,1.4875,29 Sergeant Bluff East/ Woodbury,Woodbury,
Woodbury,30,6,1.275,30 Sergeant Bluff West,Woodbury,
Woodbury,31,3,0.6375,31 Salix/Liberty/Lakeport,Woodbury,
Woodbury,32,2,0.425,32 Bronson/Floyd/Grange,Woodbury,
Woodbury,33,1,0.2125,33-Pierson/Rutland,Woodbury,
Woodbury,34,2,0.425,34 Correctionville/Kedron/Union,Woodbury,
Woodbury,35,5,1.0625,35 Moville/Arlington/Wolf Creek,Woodbury,
Woodbury,36,2,0.425,36 Lawton/Banner,Woodbury,
Woodbury,37,1,0.2125,37 Climbing Hill/Grant/West Fork,Woodbury,
Woodbury,38,2,0.425,38 Sloan,Woodbury,
Woodbury,39,1,0.2125,39 Hornick/Willow,Woodbury,
Woodbury,40,1,0.2125,40 Anthon/Miller,Woodbury,
Woodbury,41,1,0.2125,41 Danbury/Liston/Morgan,Woodbury,
Woodbury,42,1,0.2125,42 Smithland/Little Sioux,Woodbury,
Woodbury,43,1,0.2125,43 Oto/Oto Township,Woodbury,
Woodbury,44,1,0.2125,44 Cushing/Rock,Woodbury,
Worth,W11,9,0.6,,Worth,Barton/Deer Creek/Union/Grafton
Worth,W12,18,1.2,,Worth,Bristol/Silver Lake/Joice
Worth,W21,7,0.466666667,,Worth,Brookfield/Kensett
Worth,W22,7,0.466666667,,Worth,Danville/Hanlontown
Worth,W23,5,0.333333333,,Worth,Deer Creek/Grove/Hartland/Northwood
Worth,W24,5,0.333333333,,Worth,Fertile
Worth,W31,24,1.6,,Worth,Lincoln/Manly
Wright,BIG_6,4,0.533333333,Eagle Grove/Troy,Wright,
Wright,BM,14,1.866666667,Belmond,Wright,
Wright,CL,9,1.2,Clarion,Wright,
Wright,DOWS,3,0.4,Dows,Wright,
Wright,EG1,2,0.266666667,Eagle Grove #1,Wright,
Wright,EG2,3,0.4,Eagle Grove #2,Wright,
Wright,EG3,3,0.4,Eagle Grove #3,Wright,
Wright,EG4,3,0.4,Eagle Grove #4,Wright,
Wright,GLDFLD,2,0.266666667,Goldfield,Wright,
Wright,RURALEG,2,0.266666667,Rural Clarion,Wright,
